Report_20180411_0808;;;;;;;;;;;
Vernr;Bokföringsdatum;Registreringsdatum;Konto;Benämning;Ks;Projnr;Verifikationstext;Transaktionsinfo;Debet;Kredit;
A1;2017-07-04;2017-10-10;1790;Övriga förutbetalda kostnader och upplupna intäkter;10;;PL stöd inspirationsföreläsning;;;7000,00;
A1;2017-07-04;2017-10-10;1920;Bankkonto StyrIT;10;;PL stöd inspirationsföreläsning;;7000,00;;
A2;2017-07-05;2017-10-10;1920;Bankkonto StyrIT;10;;FB - Shurgard för Juli;;;552,00;
A2;2017-07-05;2017-10-10;2990;Övriga upplupna kostnader och förutbetalda intäkter;10;;FB - Shurgard för Juli;;552,00;;
A3;2017-07-05;2017-10-21;1920;Bankkonto StyrIT;10;;FB - Sunfleet Juni;;;2502,07;
A3;2017-07-05;2017-10-21;2990;Övriga upplupna kostnader och förutbetalda intäkter;10;;FB - Sunfleet Juni;;2502,07;;
A4;2017-07-05;2017-10-10;1920;Bankkonto StyrIT;10;;FB - Fortnox mrcIT;;;912,00;
A4;2017-07-05;2017-10-10;2990;Övriga upplupna kostnader och förutbetalda intäkter;10;;FB - Fortnox mrcIT;;912,00;;
A5;2017-07-05;2017-10-10;1920;Bankkonto StyrIT;10;;FB - Fortnox snIT;;;912,00;
A5;2017-07-05;2017-10-10;2990;Övriga upplupna kostnader och förutbetalda intäkter;10;;FB - Fortnox snIT;;912,00;;
A6;2017-07-05;2017-10-10;1920;Bankkonto StyrIT;10;;FB - Fortnox FanbärerIT;;;912,00;
A6;2017-07-05;2017-10-10;2990;Övriga upplupna kostnader och förutbetalda intäkter;10;;FB - Fortnox FanbärerIT;;912,00;;
A7;2017-07-05;2017-10-10;1920;Bankkonto StyrIT;10;;FB - Fortnox sexIT årsavgift;;;912,00;
A7;2017-07-05;2017-10-10;2990;Övriga upplupna kostnader och förutbetalda intäkter;10;;FB - Fortnox sexIT årsavgift;;912,00;;
A8;2017-07-06;2017-10-15;1920;Bankkonto StyrIT;10;;FI - Modulspons från Rekryt;FI - Modulspons från Rekryt;900,00;;
A8;2017-07-06;2017-10-15;2912;Skulder NollKIT;10;;FI - Modulspons från Rekryt;FI - Modulspons från Rekryt;;900,00;
A9;2017-07-11;2017-10-15;2440;Leverantörsskulder;10;;MF - Lackstänger till Alumnimiddag;MF - Lackstänger till Alumnimiddag;;1371,00;
A9;2017-07-11;2017-10-15;4215;Kostnader Alumnimiddag;10;;MF - Lackstänger till Alumnimiddag;MF - Lackstänger till Alumnimiddag;1371,00;;
A10;2017-07-11;2017-10-15;2440;Leverantörsskulder;10;;MF - Kuvertavgifter  Alumnimiddag;;;325,00;
A10;2017-07-11;2017-10-15;4215;Kostnader Alumnimiddag;10;;MF - Kuvertavgifter  Alumnimiddag;;325,00;;
A11;2017-07-12;2017-10-15;1920;Bankkonto StyrIT;10;;FB - Diplom till pedagogiska priset;FB - Diplom till pedagogiska priset;;150,00;
A11;2017-07-12;2017-10-15;2990;Övriga upplupna kostnader och förutbetalda intäkter;10;;FB - Diplom till pedagogiska priset;FB - Diplom till pedagogiska priset;150,00;;
A12;2017-07-12;2017-10-15;2440;Leverantörsskulder;10;;MF - Alumnimiddag fler kuvertavgifter;MF - Alumnimiddag fler kuvertavgifter;;202,00;
A12;2017-07-12;2017-10-15;4215;Kostnader Alumnimiddag;10;;MF - Alumnimiddag fler kuvertavgifter;MF - Alumnimiddag fler kuvertavgifter;202,00;;
A13;2017-07-12;2017-10-21;2440;Leverantörsskulder;10;;FM - Domänavgift för Chalmers.it;FM - Domänavgift för Chalmers.it;;1708,80;
A13;2017-07-12;2017-10-21;4020;Inköp e-tjänster;10;;FM - Domänavgift för Chalmers.it;FM - Domänavgift för Chalmers.it;1708,80;;
A14;2017-07-17;2017-10-15;2440;Leverantörsskulder;10;;FM - Shurgard för Augusti;FM - Shurgard för Augusti;;552,00;
A14;2017-07-17;2017-10-15;4410;Kostnad förvaring;10;;FM - Shurgard för Augusti;FM - Shurgard för Augusti;552,00;;
A15;2017-07-18;2017-10-21;1618;Fordringar Medlemmar;10;;FB - Domänavgift för Chalmers.it;FB - Domänavgift för Chalmers.it;5,91;;
A15;2017-07-18;2017-10-21;1920;Bankkonto StyrIT;10;;FB - Domänavgift för Chalmers.it;FB - Domänavgift för Chalmers.it;;1714,71;
A15;2017-07-18;2017-10-21;2440;Leverantörsskulder;10;;FB - Domänavgift för Chalmers.it;FB - Domänavgift för Chalmers.it;1708,80;;
A16;2017-07-18;2017-10-21;1920;Bankkonto StyrIT;10;;Kunskapsprov ordförande 17/18;Kunskapsprov ordförande 17/18;;1200,00;
A16;2017-07-18;2017-10-21;4521;Kostnader Kunskapsprov Ordförande;10;;Kunskapsprov ordförande 17/18;Kunskapsprov ordförande 17/18;1200,00;;
A17;2017-07-18;2017-10-21;1920;Bankkonto StyrIT;10;;FB - Shurgard för Augusti;FB - Shurgard för Augusti;;552,00;
A17;2017-07-18;2017-10-21;2440;Leverantörsskulder;10;;FB - Shurgard för Augusti;FB - Shurgard för Augusti;552,00;;
A18;2017-07-19;2017-10-21;2440;Leverantörsskulder;10;;MU - Lackstänger till Alumnimiddag;;1371,00;;
A18;2017-07-19;2017-10-21;2918;Skulder medlemmar;10;;MU - Lackstänger till Alumnimiddag;;;1371,00;
A19;2017-07-19;2017-10-21;2440;Leverantörsskulder;10;;MU - Kuvertavgifter Alumnimiddag;MU - Kuvertavgifter Alumnimiddag;325,00;;
A19;2017-07-19;2017-10-21;2918;Skulder medlemmar;10;;MU - Kuvertavgifter Alumnimiddag;MU - Kuvertavgifter Alumnimiddag;;325,00;
A20;2017-07-19;2017-10-21;2440;Leverantörsskulder;10;;MU - Alumnimiddag Fler Kuvertavgifter;MU - Alumnimiddag Fler Kuvertavgifter;202,00;;
A20;2017-07-19;2017-10-21;2918;Skulder medlemmar;10;;MU - Alumnimiddag Fler Kuvertavgifter;MU - Alumnimiddag Fler Kuvertavgifter;;202,00;
A21;2017-07-28;2017-10-21;1920;Bankkonto StyrIT;10;;Serveringstillstånd för NollKIT;Serveringstillstånd för NollKIT;;600,00;
A21;2017-07-28;2017-10-21;4213;Kostnader Serveringstillstånd;10;;Serveringstillstånd för NollKIT;Serveringstillstånd för NollKIT;600,00;;
A22;2017-08-01;2017-10-21;1920;Bankkonto StyrIT;10;;MB - Alumnimiddag fler kuvertavgifter;MB - Alumnimiddag fler kuvertavgifter;;202,00;
A22;2017-08-01;2017-10-21;2918;Skulder medlemmar;10;;MB - Alumnimiddag fler kuvertavgifter;MB - Alumnimiddag fler kuvertavgifter;202,00;;
A23;2017-08-01;2017-10-21;1920;Bankkonto StyrIT;10;;MB - AM Sigillack;MB - AM Sigillack;;1158,31;
A23;2017-08-01;2017-10-21;2990;Övriga upplupna kostnader och förutbetalda intäkter;10;;MB - AM Sigillack;MB - AM Sigillack Grundsigill;1034,26;;
A23;2017-08-01;2017-10-21;2990;Övriga upplupna kostnader och förutbetalda intäkter;10;;MB - AM Sigillack;MB - AM Sigillack Uppgradering;124,05;;
A24;2017-08-01;2017-10-21;1920;Bankkonto StyrIT;10;;MB - AM Domänavgift alumnimiddag.it;MB - AM Domänavgift alumnimiddag.it;;348,33;
A24;2017-08-01;2017-10-21;2990;Övriga upplupna kostnader och förutbetalda intäkter;10;;MB - AM Domänavgift alumnimiddag.it;MB - AM Domänavgift alumnimiddag.it;348,33;;
A25;2017-08-01;2017-10-21;1920;Bankkonto StyrIT;10;;IZettle-intäkter för CM;IZettle-intäkter för CM;;8264,15;
A25;2017-08-01;2017-10-21;2911;Skulder sexIT;10;;IZettle-intäkter för CM;IZettle-intäkter för CM;8264,15;;
A26;2017-08-01;2017-10-21;1920;Bankkonto StyrIT;10;;MB - Lackstänger till Alumnimiddag;MB - Lackstänger till Alumnimiddag;;1371,00;
A26;2017-08-01;2017-10-21;2918;Skulder medlemmar;10;;MB - Lackstänger till Alumnimiddag;MB - Lackstänger till Alumnimiddag;1371,00;;
A27;2017-08-01;2017-10-21;1920;Bankkonto StyrIT;10;;MB - Kuvertavgifter Alumnimiddag;MB - Kuvertavgifter Alumnimiddag;;325,00;
A27;2017-08-01;2017-10-21;2918;Skulder medlemmar;10;;MB - Kuvertavgifter Alumnimiddag;MB - Kuvertavgifter Alumnimiddag;325,00;;
A28;2017-08-07;2017-10-21;1920;Bankkonto StyrIT;10;;Serveringstillstånd PRIT;Serveringstillstånd PRIT;;400,00;
A28;2017-08-07;2017-10-21;4213;Kostnader Serveringstillstånd;10;;Serveringstillstånd PRIT;Serveringstillstånd PRIT;400,00;;
A29;2017-08-09;2017-10-21;2918;Skulder medlemmar;10;;MU - Teambuilding StyrIT Minigolf;MU - Teambuilding StyrIT Minigolf;;480,00;
A29;2017-08-09;2017-10-21;4510;Kostnader Intern Representation;10;;MU - Teambuilding StyrIT Minigolf;MU - Teambuilding StyrIT Minigolf;480,00;;
A30;2017-07-31;2017-10-21;2440;Leverantörsskulder;10;;FM - Sunfleet för Juli;FM - Sunfleet för Juli;;1250,00;
A30;2017-07-31;2017-10-21;5610;Kostnader bil;10;;FM - Sunfleet för Juli;FM - Sunfleet för Juli;1250,00;;
A31;2017-08-08;2017-10-21;1920;Bankkonto StyrIT;10;;FB - Sunfleet för Juli;FB - Sunfleet för Juli;;1250,00;
A31;2017-08-08;2017-10-21;2440;Leverantörsskulder;10;;FB - Sunfleet för Juli;FB - Sunfleet för Juli;1250,00;;
A32;2017-08-11;2017-10-21;1920;Bankkonto StyrIT;10;;Serveringstillstånd MRCIT;Serveringstillstånd MRCIT;;600,00;
A32;2017-08-11;2017-10-21;4213;Kostnader Serveringstillstånd;10;;Serveringstillstånd MRCIT;Serveringstillstånd MRCIT;600,00;;
A33;2017-08-11;2017-10-21;2918;Skulder medlemmar;10;;MU - Mat en dag med StyrIT;MU - Mat en dag med StyrIT;;600,43;
A33;2017-08-11;2017-10-21;4520;Kostnader Föreningsutbildningar;10;;MU - Mat en dag med StyrIT;MU - Mat en dag med StyrIT;600,43;;
A34;2017-08-14;2017-10-21;1612;Fordringar NollKIT;10;;Återbetalning av lån NollKIT;Återbetalning av lån NollKIT;;20000,00;
A34;2017-08-14;2017-10-21;1920;Bankkonto StyrIT;10;;Återbetalning av lån NollKIT;Återbetalning av lån NollKIT;20000,00;;
A35;2017-08-14;2017-10-21;2918;Skulder medlemmar;10;;MU - Jourtelefon StyrIT;MU - Jourtelefon StyrIT;;249,90;
A35;2017-08-14;2017-10-21;4910;Övriga Kostnader StyrIT;10;;MU - Jourtelefon StyrIT;MU - Jourtelefon StyrIT;249,90;;
A36;2017-08-16;2017-10-28;1930;Bankkonto Swish;10;;Mottagsningsavgifter Swish;Mottagsningsavgifter Swish;26600,00;;
A36;2017-08-16;2017-10-28;2912;Skulder NollKIT;10;;Mottagsningsavgifter Swish;Mottagsningsavgifter Swish;;26486,00;
A36;2017-08-16;2017-10-28;2919;Skulder Swish;10;;Mottagsningsavgifter Swish;Mottagsningsavgifter Swish;;114,00;
A37;2017-08-17;2017-10-28;1930;Bankkonto Swish;10;;Inkomster Swish;Inkomster Swish;6160,00;;
A37;2017-08-17;2017-10-28;2912;Skulder NollKIT;10;;Inkomster Swish;Inkomster Swish;;4980,50;
A37;2017-08-17;2017-10-28;2919;Skulder Swish;10;;Inkomster Swish;Inkomster Swish;;82,50;
A37;2017-08-17;2017-10-28;3215;Intäkter Alumnimiddag;10;;Inkomster Swish;Inkomster Swish;;1097,00;
A38;2017-08-17;2017-10-28;1930;Bankkonto Swish;10;;Mottagninsavgift via Swish;Mottagninsavgift via Swish;;348,50;
A38;2017-08-17;2017-10-28;2912;Skulder NollKIT;10;;Mottagninsavgift via Swish;Mottagninsavgift via Swish;348,50;;
A39;2017-08-17;2017-10-28;1930;Bankkonto Swish;10;;Mottagninsavgifter via Swish;Mottagninsavgifter via Swish;;26486,00;
A39;2017-08-17;2017-10-28;2912;Skulder NollKIT;10;;Mottagninsavgifter via Swish;Mottagninsavgifter via Swish;26486,00;;
A40;2017-08-17;2017-10-28;1930;Bankkonto Swish;10;;Mottagninsavgifter via Swish ;Mottagninsavgifter via Swish;;697,00;
A40;2017-08-17;2017-10-28;2912;Skulder NollKIT;10;;Mottagninsavgifter via Swish ;Mottagninsavgifter via Swish;697,00;;
A41;2017-08-17;2017-10-28;2440;Leverantörsskulder;10;;FM - Shurgard för September;;;552,00;
A41;2017-08-17;2017-10-28;4410;Kostnader Förvaring;10;;FM - Shurgard för September;;552,00;;
A42;2017-08-18;2017-10-28;1930;Bankkonto Swish;10;;Inkomster Swish;Inkomster Swish;6360,00;;
A42;2017-08-18;2017-10-28;2912;Skulder NollKIT;10;;Inkomster Swish;Inkomster Swish;;1609,00;
A42;2017-08-18;2017-10-28;2919;Skulder Swish;10;;Inkomster Swish;Inkomster Swish;;63,00;
A42;2017-08-18;2017-10-28;3215;Intäkter Alumnimiddag;10;;Inkomster Swish;Inkomster Swish;;4688,00;
A43;2017-08-21;2017-10-28;1920;Bankkonto StyrIT;10;;BI - Modulsponsring och Alumnibiljetter;;4000,00;;
A43;2017-08-21;2017-10-28;2912;Skulder NollKIT;10;;BI - Modulsponsring och Alumnibiljetter;;;2500,00;
A43;2017-08-21;2017-10-28;3215;Intäkter Alumnimiddag;10;;BI - Modulsponsring och Alumnibiljetter;;;1500,00;
A44;2017-08-21;2017-10-28;1930;Bankkonto Swish;10;;Inkomst Swish;Inkomst Swish;6350,00;;
A44;2017-08-21;2017-10-28;2912;Skulder NollKIT;10;;Inkomst Swish;Inkomst Swish;;2018,50;
A44;2017-08-21;2017-10-28;2919;Skulder Swish;10;;Inkomst Swish;Inkomst Swish;;42,00;
A44;2017-08-21;2017-10-28;3215;Intäkter Alumnimiddag;10;;Inkomst Swish;Inkomst Swish;;4289,50;
A45;2017-08-22;2017-10-28;1930;Bankkonto Swish;10;;Inkomst Swish Alumnimiddag;;700,00;;
A45;2017-08-22;2017-10-28;2919;Skulder Swish;10;;Inkomst Swish Alumnimiddag;;;1,50;
A45;2017-08-22;2017-10-28;3215;Intäkter Alumnimiddag;10;;Inkomst Swish Alumnimiddag;;;698,50;
A46;2017-08-22;2017-10-28;1930;Bankkonto Swish;10;;Överföring för Mottagningsavgifter från Swish;Överföring för Mottagningsavgifter från Swish;;697,00;
A46;2017-08-22;2017-10-28;2912;Skulder NollKIT;10;;Överföring för Mottagningsavgifter från Swish;Överföring för Mottagningsavgifter från Swish;697,00;;
A47;2017-08-22;2017-10-28;1930;Bankkonto Swish;10;;Överföring Mottagningsavgift Swish;Överföring Mottagningsavgift Swish;;348,50;
A47;2017-08-22;2017-10-28;2912;Skulder NollKIT;10;;Överföring Mottagningsavgift Swish;Överföring Mottagningsavgift Swish;348,50;;
A48;2017-08-22;2017-10-28;1930;Bankkonto Swish;10;;Överföring för Spökfortet;Överföring för Spökfortet;;912,00;
A48;2017-08-22;2017-10-28;2912;Skulder NollKIT;10;;Överföring för Spökfortet;Överföring för Spökfortet;912,00;;
A49;2017-08-22;2017-10-28;1920;Bankkonto StyrIT;10;;MB - Äskning FlashIT Hoodies;MB - Äskning FlashIT Hoodies;;1796,33;
A49;2017-08-22;2017-10-28;2990;Övriga upplupna kostnader och förutbetalda intäkter;10;;MB - Äskning FlashIT Hoodies;MB - Äskning FlashIT Hoodies;1796,33;;
A50;2017-08-22;2017-10-28;2918;Skulder medlemmar;10;;MU - Sektionsmötesfika Maxi MV2;MU - Sektionsmötesfika Maxi MV2;;242,25;
A50;2017-08-22;2017-10-28;4331;Kostnader Sektionsmötesmat;10;;MU - Sektionsmötesfika Maxi MV2;MU - Sektionsmötesfika Maxi MV2;242,25;;
A51;2017-08-23;2017-10-28;1930;Bankkonto Swish;10;;Inkomster Swish Alumnimiddag;Inkomster Swish Alumnimiddag;1100,00;;
A51;2017-08-23;2017-10-28;2919;Skulder Swish;10;;Inkomster Swish Alumnimiddag;Inkomster Swish Alumnimiddag;;3,00;
A51;2017-08-23;2017-10-28;3215;Intäkter Alumnimiddag;10;;Inkomster Swish Alumnimiddag;Inkomster Swish Alumnimiddag;;1097,00;
A52;2017-08-23;2017-10-28;2918;Skulder medlemmar;10;;MU - Sektionsmötesmat MV2;MU - Sektionsmötesmat MV2;;3150,00;
A52;2017-08-23;2017-10-28;4331;Kostnader Sektionsmötesmat;10;;MU - Sektionsmötesmat MV2;MU - Sektionsmötesmat MV2;3150,00;;
A53;2017-08-23;2017-10-28;2918;Skulder medlemmar;10;;MU - Sektionsmötesfika Store MV2;;;77,00;
A53;2017-08-23;2017-10-28;4331;Kostnader Sektionsmötesmat;10;;MU - Sektionsmötesfika Store MV2;;77,00;;
A54;2017-08-24;2017-10-28;1930;Bankkonto Swish;10;;Inkomst Swish Alumnimiddag;Inkomst Swish Alumnimiddag;700,00;;
A54;2017-08-24;2017-10-28;2919;Skulder Swish;10;;Inkomst Swish Alumnimiddag;Inkomst Swish Alumnimiddag;;1,50;
A54;2017-08-24;2017-10-28;3215;Intäkter Alumnimiddag;10;;Inkomst Swish Alumnimiddag;Inkomst Swish Alumnimiddag;;698,50;
A55;2017-08-24;2017-10-28;1920;Bankkonto StyrIT;10;;BI - Alumnimiddagsbiljett;BI - Alumnimiddagsbiljett;700,00;;
A55;2017-08-24;2017-10-28;3215;Intäkter Alumnimiddag;10;;BI - Alumnimiddagsbiljett;BI - Alumnimiddagsbiljett;;700,00;
A56;2017-08-24;2017-10-28;2440;Leverantörsskulder;10;;FM - Alumnimiddagsinbjudningar ;FM - Alumnimiddagsinbjudningar;;1431,00;
A56;2017-08-24;2017-10-28;4215;Kostnader Alumnimiddag;10;;FM - Alumnimiddagsinbjudningar ;FM - Alumnimiddagsinbjudningar;1431,00;;
A57;2017-08-28;2017-10-31;1930;Bankkonto Swish;10;;Inkomst Swish Alumnimiddagsbiljetter;Inkomst Swish Alumnimiddagsbiljetter;4700,00;;
A57;2017-08-28;2017-10-31;2919;Skulder Swish;10;;Inkomst Swish Alumnimiddagsbiljetter;Inkomst Swish Alumnimiddagsbiljetter;;12,00;
A57;2017-08-28;2017-10-31;3215;Intäkter Alumnimiddag;10;;Inkomst Swish Alumnimiddagsbiljetter;Inkomst Swish Alumnimiddagsbiljetter;;4688,00;
A58;2017-08-28;2017-10-31;1920;Bankkonto StyrIT;10;;BI - Alumnimiddagsbiljetter;BI - Alumnimiddagsbiljetter;700,00;;
A58;2017-08-28;2017-10-31;3215;Intäkter Alumnimiddag;10;;BI - Alumnimiddagsbiljetter;BI - Alumnimiddagsbiljetter;;700,00;
A59;2017-08-29;2017-10-31;1930;Bankkonto Swish;10;;Inkomst Swish Alumnimiddagsbiljetter;Inkomst Swish Alumnimiddagsbiljetter;1800,00;;
A59;2017-08-29;2017-10-31;2919;Skulder Swish;10;;Inkomst Swish Alumnimiddagsbiljetter;Inkomst Swish Alumnimiddagsbiljetter;;4,50;
A59;2017-08-29;2017-10-31;3215;Intäkter Alumnimiddag;10;;Inkomst Swish Alumnimiddagsbiljetter;Inkomst Swish Alumnimiddagsbiljetter;;1795,50;
A60;2017-08-29;2017-11-01;1920;Bankkonto StyrIT;10;;iZettle delvis utbetalning för försäljning 2017-08-21;iZettle delvis utbetalning för försäljning 2017-08-21;;128,05;
A60;2017-08-29;2017-11-01;2912;Skulder NollKIT;10;;iZettle delvis utbetalning för försäljning 2017-08-21;iZettle delvis utbetalning för försäljning 2017-08-21;128,05;;
A61;2017-08-29;2017-11-01;1920;Bankkonto StyrIT;10;;iZettle delvis utbetalning för 2017-08-17;iZettle delvis utbetalning för 2017-08-17;;157,60;
A61;2017-08-29;2017-11-01;2912;Skulder NollKIT;10;;iZettle delvis utbetalning för 2017-08-17;iZettle delvis utbetalning för 2017-08-17;157,60;;
A62;2017-08-29;2017-11-01;1920;Bankkonto StyrIT;10;;iZettle utbetalning för försäljning 2017-08-28;iZettle utbetalning för försäljning 2017-08-28;;3329,30;
A62;2017-08-29;2017-11-01;2912;Skulder NollKIT;10;;iZettle utbetalning för försäljning 2017-08-28;iZettle utbetalning för försäljning 2017-08-28;3329,30;;
A63;2017-08-30;2017-11-01;1920;Bankkonto StyrIT;10;;iZettle utbetalning för försäljning den 2017-08-29;iZettle utbetalning för försäljning den 2017-08-29;;1063,80;
A63;2017-08-30;2017-11-01;2912;Skulder NollKIT;10;;iZettle utbetalning för försäljning den 2017-08-29;iZettle utbetalning för försäljning den 2017-08-29;1063,80;;
A64;2017-08-30;2017-11-01;1920;Bankkonto StyrIT;10;;Utbetalning för inköp under rustveckan;Utbetalning för inköp under rustveckan;;8527,48;
A64;2017-08-30;2017-11-01;2910;Skulder PRIT;10;;Utbetalning för inköp under rustveckan;Utbetalning för inköp under rustveckan;8527,48;;
A65;2017-08-30;2017-11-01;1920;Bankkonto StyrIT;10;;iZettle utbetalning för försäljning den 2017-08-23;iZettle utbetalning för försäljning den 2017-08-23;;4314,30;
A65;2017-08-30;2017-11-01;2912;Skulder NollKIT;10;;iZettle utbetalning för försäljning den 2017-08-23;iZettle utbetalning för försäljning den 2017-08-23;4314,30;;
A66;2017-08-30;2017-11-01;1920;Bankkonto StyrIT;10;;iZettle utbetalning för försäljning den 2017-08-24;iZettle utbetalning för försäljning den 2017-08-24;;2314,75;
A66;2017-08-30;2017-11-01;2912;Skulder NollKIT;10;;iZettle utbetalning för försäljning den 2017-08-24;iZettle utbetalning för försäljning den 2017-08-24;2314,75;;
A67;2017-08-30;2017-11-01;1920;Bankkonto StyrIT;10;;iZettle delvis utbetalning av försäljning den 2017-08-17;iZettle delvis utbetalning av försäljning den 2017-08-17;;2521,60;
A67;2017-08-30;2017-11-01;2912;Skulder NollKIT;10;;iZettle delvis utbetalning av försäljning den 2017-08-17;iZettle delvis utbetalning av försäljning den 2017-08-17;2521,60;;
A68;2017-08-30;2017-11-01;1920;Bankkonto StyrIT;10;;Swish utbetalning för försäljning av Mottagningssittning;Swish utbetalning för försäljning av Mottagningssittning;;5448,00;
A68;2017-08-30;2017-11-01;2912;Skulder NollKIT;10;;Swish utbetalning för försäljning av Mottagningssittning;Swish utbetalning för försäljning av Mottagningssittning;5448,00;;
A69;2017-08-30;2017-11-01;1920;Bankkonto StyrIT;10;;Utbetalning av lån till MRCIT;Utbetalning av lån till MRCIT;;28000,00;
A69;2017-08-30;2017-11-01;1616;Fordringar MRCIT;10;;Utbetalning av lån till MRCIT;Utbetalning av lån till MRCIT;28000,00;;
A70;2017-08-30;2017-11-01;1920;Bankkonto StyrIT;10;;FB - Shurgard för September;FB - Shurgard för September;;552,00;
A70;2017-08-30;2017-11-01;2440;Leverantörsskulder;10;;FB - Shurgard för September;FB - Shurgard för September;552,00;;
A71;2017-08-30;2017-11-01;1920;Bankkonto StyrIT;10;;FB - Alumnimiddagsinbjudningar;FB - Alumnimiddagsinbjudningar;;1431,00;
A71;2017-08-30;2017-11-01;2440;Leverantörsskulder;10;;FB - Alumnimiddagsinbjudningar;FB - Alumnimiddagsinbjudningar;1431,00;;
A72;2017-08-30;2017-11-01;2918;Skulder medlemmar;10;;MU - Tårta phaddergruppsvinnare;MU - Tårta phaddergruppsvinnare;;858,00;
A72;2017-08-30;2017-11-01;4330;Kostnader Sektionsmöten;10;;MU - Tårta phaddergruppsvinnare;MU - Tårta phaddergruppsvinnare;858,00;;
A73;2017-08-31;2017-11-01;1930;Bankkonto Swish;10;;Inkomster Swish;Inkomster Swish;4135,00;;
A73;2017-08-31;2017-11-01;2910;Skulder PRIT;10;;Inkomster Swish;Inkomster Swish;;3163,50;
A73;2017-08-31;2017-11-01;2919;Skulder Swish;10;;Inkomster Swish;Inkomster Swish;;273,00;
A73;2017-08-31;2017-11-01;3215;Intäkter Alumnimiddag;10;;Inkomster Swish;Inkomster Swish;;698,50;
A74;2017-08-31;2017-11-01;1920;Bankkonto StyrIT;10;;iZettle delvis utbetalning för försäljning den 2017-08-21;iZettle delvis utbetalning för försäljning den 2017-08-21;;8362,65;
A74;2017-08-31;2017-11-01;2912;Skulder NollKIT;10;;iZettle delvis utbetalning för försäljning den 2017-08-21;iZettle delvis utbetalning för försäljning den 2017-08-21;8362,65;;
A75;2017-08-31;2017-11-01;1920;Bankkonto StyrIT;10;;Betalning av Tre Kronor försäkring för sektionen;Betalning av Tre Kronor försäkring för sektionen;;3109,00;
A75;2017-08-31;2017-11-01;6571;Försäkringar;10;;Betalning av Tre Kronor försäkring för sektionen;Betalning av Tre Kronor försäkring för sektionen;3109,00;;
A76;2017-08-31;2017-11-01;1920;Bankkonto StyrIT;10;;BI - Studentbiljett för Alumnimiddagen;BI - Studentbiljett för Alumnimiddagen;400,00;;
A76;2017-08-31;2017-11-01;3215;Intäkter Alumnimiddag;10;;BI - Studentbiljett för Alumnimiddagen;BI - Studentbiljett för Alumnimiddagen;;400,00;
A77;2017-08-31;2017-11-01;2440;Leverantörsskulder;10;;FM - Sunfleet Augusti;;;6517,40;
A77;2017-08-31;2017-11-01;1510;Kundfordringar;10;;FM - Sunfleet Augusti;;285,56;;
A77;2017-08-31;2017-11-01;1610;Fordringar PRIT;10;;FM - Sunfleet Augusti;;1247,33;;
A77;2017-08-31;2017-11-01;1611;Fordringar sexIT;10;;FM - Sunfleet Augusti;;2618,13;;
A77;2017-08-31;2017-11-01;1612;Fordringar NollKIT;10;;FM - Sunfleet Augusti;;1116,38;;
A77;2017-08-31;2017-11-01;5610;Kostnader bil;10;;FM - Sunfleet Augusti;;1250,00;;
A78;2017-09-01;2017-11-01;1930;Bankkonto Swish;10;;Inkomst Swish;Inkomst Swish;1065,00;;
A78;2017-09-01;2017-11-01;2910;Skulder PRIT;10;;Inkomst Swish;Inkomst Swish;;972,00;
A78;2017-09-01;2017-11-01;2919;Skulder Swish;10;;Inkomst Swish;Inkomst Swish;;93,00;
A79;2017-09-04;2017-11-01;1930;Bankkonto Swish;10;;Inkomst Swish Alumnimiddagsbiljetter;Inkomst Swish Alumnimiddagsbiljetter;800,00;;
A79;2017-09-04;2017-11-01;2919;Skulder Swish;10;;Inkomst Swish Alumnimiddagsbiljetter;Inkomst Swish Alumnimiddagsbiljetter;;3,00;
A79;2017-09-04;2017-11-01;3215;Intäkter Alumnimiddag;10;;Inkomst Swish Alumnimiddagsbiljetter;Inkomst Swish Alumnimiddagsbiljetter;;797,00;
A80;2017-09-04;2017-11-01;1920;Bankkonto StyrIT;10;;Inbetalning iZettle för augusti;Inbetalning iZettle för augusti;48948,55;;
A80;2017-09-04;2017-11-01;2910;Skulder PRIT;10;;Inbetalning iZettle för augusti;Inbetalning iZettle för augusti;;19896,35;
A80;2017-09-04;2017-11-01;2911;Skulder sexIT;10;;Inbetalning iZettle för augusti;Inbetalning iZettle för augusti;;1654,80;
A80;2017-09-04;2017-11-01;2912;Skulder NollKIT;10;;Inbetalning iZettle för augusti;Inbetalning iZettle för augusti;;25649,37;
A80;2017-09-04;2017-11-01;2921;Skulder FanbärerIT;10;;Inbetalning iZettle för augusti;Inbetalning iZettle för augusti;;1748,03;
A81;2017-09-05;2017-11-01;1930;Bankkonto Swish;10;;Inkomst Swish Alumnimiddagsbiljett;Inkomst Swish Alumnimiddagsbiljett;700,00;;
A81;2017-09-05;2017-11-01;2919;Skulder Swish;10;;Inkomst Swish Alumnimiddagsbiljett;Inkomst Swish Alumnimiddagsbiljett;;1,50;
A81;2017-09-05;2017-11-01;3215;Intäkter Alumnimiddag;10;;Inkomst Swish Alumnimiddagsbiljett;Inkomst Swish Alumnimiddagsbiljett;;698,50;
A82;2017-09-06;2017-11-01;1930;Bankkonto Swish;10;;Inkomst Swish Alumnimiddagsbiljetter;Inkomst Swish Alumnimiddagsbiljetter;1400,00;;
A82;2017-09-06;2017-11-01;2919;Skulder Swish;10;;Inkomst Swish Alumnimiddagsbiljetter;Inkomst Swish Alumnimiddagsbiljetter;;3,00;
A82;2017-09-06;2017-11-01;3215;Intäkter Alumnimiddag;10;;Inkomst Swish Alumnimiddagsbiljetter;Inkomst Swish Alumnimiddagsbiljetter;;1397,00;
A83;2017-09-07;2017-11-01;1930;Bankkonto Swish;10;;Inkomst Swish våfflor pubrunda LP1;Inkomst Swish våfflor pubrunda LP1;3370,00;;
A83;2017-09-07;2017-11-01;2910;Skulder PRIT;10;;Inkomst Swish våfflor pubrunda LP1;Inkomst Swish våfflor pubrunda LP1;;3143,50;
A83;2017-09-07;2017-11-01;2919;Skulder Swish;10;;Inkomst Swish våfflor pubrunda LP1;Inkomst Swish våfflor pubrunda LP1;;226,50;
A84;2017-09-08;2017-11-01;1930;Bankkonto Swish;10;;Inkomst Swish Alumnimiddagbiljetter;Inkomst Swish Alumnimiddagbiljetter;5800,00;;
A84;2017-09-08;2017-11-01;2919;Skulder Swish;10;;Inkomst Swish Alumnimiddagbiljetter;Inkomst Swish Alumnimiddagbiljetter;;15,00;
A84;2017-09-08;2017-11-01;3215;Intäkter Alumnimiddag;10;;Inkomst Swish Alumnimiddagbiljetter;Inkomst Swish Alumnimiddagbiljetter;;5785,00;
A85;2017-09-08;2017-11-01;1920;Bankkonto StyrIT;10;;Serveringstillstånd för hösten;Serveringstillstånd för hösten;;800,00;
A85;2017-09-08;2017-11-01;4213;Kostnader Serveringstillstånd;10;;Serveringstillstånd för hösten;Serveringstillstånd för hösten;800,00;;
A86;2017-09-10;2017-11-01;2440;Leverantörsskulder;10;;FM - Fortnox September;FM - Fortnox September;;2370,00;
A86;2017-09-10;2017-11-01;6572;Kostnader Bokföringsprogram;10;;FM - Fortnox September;FM - Fortnox September;2370,00;;
A87;2017-09-11;2017-11-01;1930;Bankkonto Swish;10;;Inkomster Swish Alumnimiddagsbiljetter och Sittning;Inkomster Swish Alumnimiddagsbiljetter och Sittning;3260,00;;
A87;2017-09-11;2017-11-01;2911;Skulder sexIT;10;;Inkomster Swish Alumnimiddagsbiljetter och Sittning;Inkomster Swish Alumnimiddagsbiljetter och Sittning;;354,00;
A87;2017-09-11;2017-11-01;2919;Skulder Swish;10;;Inkomster Swish Alumnimiddagsbiljetter och Sittning;Inkomster Swish Alumnimiddagsbiljetter och Sittning;;13,50;
A87;2017-09-11;2017-11-01;3215;Intäkter Alumnimiddag;10;;Inkomster Swish Alumnimiddagsbiljetter och Sittning;Inkomster Swish Alumnimiddagsbiljetter och Sittning;;2892,50;
A88;2017-09-11;2017-11-01;1920;Bankkonto StyrIT;10;;iZettle utbetalning för försäljning 2017-08-21 och 2017-08-27;iZettle utbetalning för försäljning 2017-08-21 och 2017-08-27;;2137,45;
A88;2017-09-11;2017-11-01;2910;Skulder PRIT;10;;iZettle utbetalning för försäljning 2017-08-21 och 2017-08-27;iZettle utbetalning för försäljning 2017-08-21 och 2017-08-27;2137,45;;
A89;2017-09-11;2017-11-01;1920;Bankkonto StyrIT;10;;iZettle delvis utbetalning för försäljning den 2017-09-05;iZettle delvis utbetalning för försäljning den 2017-09-05;;4984,10;
A89;2017-09-11;2017-11-01;2912;Skulder NollKIT;10;;iZettle delvis utbetalning för försäljning den 2017-09-05;iZettle delvis utbetalning för försäljning den 2017-09-05;4984,10;;
A90;2017-09-11;2017-11-01;1920;Bankkonto StyrIT;10;;iZettle delvis utbetalning för 2017-08-31;iZettle delvis utbetalning för 2017-08-31;;17758,90;
A90;2017-09-11;2017-11-01;2910;Skulder PRIT;10;;iZettle delvis utbetalning för 2017-08-31;iZettle delvis utbetalning för 2017-08-31;17758,90;;
A91;2017-09-11;2017-11-01;1920;Bankkonto StyrIT;10;;iZettle delvis utbetalning för 2017-08-04 och 2017-08-05;iZettle delvis utbetalning för 2017-08-04 och 2017-08-05;;14981,85;
A91;2017-09-11;2017-11-01;2912;Skulder NollKIT;10;;iZettle delvis utbetalning för 2017-08-04 och 2017-08-05;iZettle delvis utbetalning för 2017-08-04 och 2017-08-05;14981,85;;
A92;2017-09-11;2017-11-01;1920;Bankkonto StyrIT;10;;iZettle utbetalning för 2017-09-01;iZettle utbetalning för 2017-09-01;;2629,90;
A92;2017-09-11;2017-11-01;2912;Skulder NollKIT;10;;iZettle utbetalning för 2017-09-01;iZettle utbetalning för 2017-09-01;2629,90;;
A93;2017-09-11;2017-11-01;1920;Bankkonto StyrIT;10;;Sponsorpengar från Unionen och Sveriges Ingenjörer;Sponsorpengar från Unionen och Sveriges Ingenjörer;;8000,00;
A93;2017-09-11;2017-11-01;1612;Fordringar NollKIT;10;;Sponsorpengar från Unionen och Sveriges Ingenjörer;Sponsorpengar från Unionen och Sveriges Ingenjörer;8000,00;;
A94;2017-09-11;2017-11-01;1920;Bankkonto StyrIT;10;;iZettle utbetalning för 2017-08-16;iZettle utbetalning för 2017-08-16;;1654,80;
A94;2017-09-11;2017-11-01;2911;Skulder sexIT;10;;iZettle utbetalning för 2017-08-16;iZettle utbetalning för 2017-08-16;1654,80;;
A95;2017-09-11;2017-11-01;1920;Bankkonto StyrIT;10;;iZettle delvis utbetalning för 2017-08-31;iZettle delvis utbetalning för 2017-08-31;;3457,35;
A95;2017-09-11;2017-11-01;2912;Skulder NollKIT;10;;iZettle delvis utbetalning för 2017-08-31;iZettle delvis utbetalning för 2017-08-31;3457,35;;
A96;2017-09-11;2017-11-01;1920;Bankkonto StyrIT;10;;FB - Sunfleet Augusti;FB - Sunfleet Augusti;;6517,40;
A96;2017-09-11;2017-11-01;2440;Leverantörsskulder;10;;FB - Sunfleet Augusti;FB - Sunfleet Augusti;6517,40;;
A97;2017-09-11;2017-11-01;1920;Bankkonto StyrIT;10;;BI - Alumnimiddagsbiljetter och inkomst PRIT;BI - Alumnimiddagsbiljetter och inkomst PRIT;1450,00;;
A97;2017-09-11;2017-11-01;2910;Skulder PRIT;10;;BI - Alumnimiddagsbiljetter och inkomst PRIT;BI - Alumnimiddagsbiljetter och inkomst PRIT;;50,00;
A97;2017-09-11;2017-11-01;3215;Intäkter Alumnimiddag;10;;BI - Alumnimiddagsbiljetter och inkomst PRIT;BI - Alumnimiddagsbiljetter och inkomst PRIT;;1400,00;
A98;2017-09-11;2017-11-01;2440;Leverantörsskulder;10;;FM - Grant Thornton Augusti;;;28156,00;
A98;2017-09-11;2017-11-01;6573;Kostnader Extern Ekonomisk Rådgivning;10;;FM - Grant Thornton Augusti;;28156,00;;
A99;2017-08-30;2017-11-09;2918;Skulder medlemmar;10;;MU - Spotify September;MU - Spotify September;;99,00;
A99;2017-08-30;2017-11-09;4323;Kostnader Spotify;10;;MU - Spotify September;MU - Spotify September;99,00;;
A100;2017-09-12;2017-11-09;2440;Leverantörsskulder;10;;FM - PU-biljetter för utlottning under sektionsmöten;FM - PU-biljetter för utlottning under sektionsmöten;;250,00;
A100;2017-09-12;2017-11-09;4330;Kostnader Sektionsmöten;10;;FM - PU-biljetter för utlottning under sektionsmöten;FM - PU-biljetter för utlottning under sektionsmöten;250,00;;
A101;2017-09-12;2017-11-09;1930;Bankkonto Swish;10;;Inkomst Swish ;Inkomst Swish;1490,00;;
A101;2017-09-12;2017-11-09;2919;Skulder Swish;10;;Inkomst Swish ;Inkomst Swish;;4,50;
A101;2017-09-12;2017-11-09;2911;Skulder sexIT;10;;Inkomst Swish ;Inkomst Swish;;88,50;
A101;2017-09-12;2017-11-09;3215;Intäkter Alumnimiddag;10;;Inkomst Swish ;Inkomst Swish;;1397,00;
A102;2017-09-13;2017-11-09;1930;Bankkonto Swish;10;;Inkomst Swish;Inkomst Swish;2780,00;;
A102;2017-09-13;2017-11-09;2919;Skulder Swish;10;;Inkomst Swish;Inkomst Swish;;10,50;
A102;2017-09-13;2017-11-09;2911;Skulder sexIT;10;;Inkomst Swish;Inkomst Swish;;177,00;
A102;2017-09-13;2017-11-09;3215;Intäkter Alumnimiddag;10;;Inkomst Swish;Inkomst Swish;;2592,50;
A103;2017-09-14;2017-11-09;1920;Bankkonto StyrIT;10;;P.R.I.T.  Delvis Inbetalning Sunfleet för Augusti;P.R.I.T.  Delvis Inbetalning Sunfleet för Augusti;1060,45;;
A103;2017-09-14;2017-11-09;1610;Fordringar PRIT;10;;P.R.I.T.  Delvis Inbetalning Sunfleet för Augusti;P.R.I.T.  Delvis Inbetalning Sunfleet för Augusti;;1060,45;
A104;2017-09-14;2017-11-09;1930;Bankkonto Swish;10;;Inkomst Swish;Inkomst Swish;1490,00;;
A104;2017-09-14;2017-11-09;2919;Skulder Swish;10;;Inkomst Swish;Inkomst Swish;;4,50;
A104;2017-09-14;2017-11-09;2911;Skulder sexIT;10;;Inkomst Swish;Inkomst Swish;;88,50;
A104;2017-09-14;2017-11-09;3215;Intäkter Alumnimiddag;10;;Inkomst Swish;Inkomst Swish;;1397,00;
A105;2017-09-15;2017-11-10;1920;Bankkonto StyrIT;10;;sexIT inbetalning för Sunfleet Augusti;sexIT inbetalning för Sunfleet Augusti;2618,13;;
A105;2017-09-15;2017-11-10;1611;Fordringar sexIT;10;;sexIT inbetalning för Sunfleet Augusti;sexIT inbetalning för Sunfleet Augusti;;2618,13;
A106;2017-09-15;2017-11-10;1920;Bankkonto StyrIT;10;;BI - Alumnimiddagsbiljett;BI - Alumnimiddagsbiljett;700,00;;
A106;2017-09-15;2017-11-10;3215;Intäkter Alumnimiddag;10;;BI - Alumnimiddagsbiljett;BI - Alumnimiddagsbiljett;;700,00;
A107;2017-09-15;2017-11-10;1930;Bankkonto Swish;10;;Inkomst Swish ;Inkomst Swish;490,00;;
A107;2017-09-15;2017-11-10;2919;Skulder Swish;10;;Inkomst Swish ;Inkomst Swish;;4,50;
A107;2017-09-15;2017-11-10;3215;Intäkter Alumnimiddag;10;;Inkomst Swish ;Inkomst Swish;;397,00;
A107;2017-09-15;2017-11-10;2911;Skulder sexIT;10;;Inkomst Swish ;Inkomst Swish;;88,50;
A108;2017-09-15;2017-11-10;1930;Bankkonto Swish;10;;Återbetalning för alumnimiddagsbiljett;Återbetalning för alumnimiddagsbiljett;;700,00;
A108;2017-09-15;2017-11-10;3215;Intäkter Alumnimiddag;10;;Återbetalning för alumnimiddagsbiljett;Återbetalning för alumnimiddagsbiljett;700,00;;
A109;2017-09-15;2017-11-10;1930;Bankkonto Swish;10;;Återbetalning för Alumnimiddagsbiljett för student;Återbetalning för Alumnimiddagsbiljett för student;;400,00;
A109;2017-09-15;2017-11-10;3215;Intäkter Alumnimiddag;10;;Återbetalning för Alumnimiddagsbiljett för student;Återbetalning för Alumnimiddagsbiljett för student;400,00;;
A110;2017-09-18;2017-11-10;1920;Bankkonto StyrIT;10;;BI - Alumnimiddagsbiljett;BI - Alumnimiddagsbiljett;700,00;;
A110;2017-09-18;2017-11-10;3215;Intäkter Alumnimiddag;10;;BI - Alumnimiddagsbiljett;BI - Alumnimiddagsbiljett;;700,00;
A111;2017-09-18;2017-11-10;2440;Leverantörsskulder;10;;FM - Shurgard för Oktober;FM - Shurgard för Oktober;;552,00;
A111;2017-09-18;2017-11-10;4410;Kostnader Förvaring;10;;FM - Shurgard för Oktober;FM - Shurgard för Oktober;552,00;;
A112;2017-09-18;2017-11-10;1930;Bankkonto Swish;10;;Inkomst Swish;Inkomst Swish;3260,00;;
A112;2017-09-18;2017-11-10;2911;Skulder sexIT;10;;Inkomst Swish;Inkomst Swish;;255,50;
A112;2017-09-18;2017-11-10;2919;Skulder Swish;10;;Inkomst Swish;Inkomst Swish;;13,50;
A112;2017-09-18;2017-11-10;3215;Intäkter Alumnimiddag;10;;Inkomst Swish;Inkomst Swish;;2991,00;
A113;2017-09-19;2017-11-10;1930;Bankkonto Swish;10;;Inkomst Swish Sittning;Inkomst Swish Sittning;3870,00;;
A113;2017-09-19;2017-11-10;2911;Skulder sexIT;10;;Inkomst Swish Sittning;Inkomst Swish Sittning;;3805,50;
A113;2017-09-19;2017-11-10;2919;Skulder Swish;10;;Inkomst Swish Sittning;Inkomst Swish Sittning;;64,50;
A114;2017-09-20;2017-11-10;1920;Bankkonto StyrIT;10;;MB - Sektionsmötesfika Store MV2;MB - Sektionsmötesfika MV2 Store;;77,00;
A114;2017-09-20;2017-11-10;2918;Skulder medlemmar;10;;MB - Sektionsmötesfika Store MV2;MB - Sektionsmötesfika Store MV2;77,00;;
A115;2017-09-20;2017-11-10;1920;Bankkonto StyrIT;10;;MB - Mat en dag med StyrIT;MB - Mat en dag med StyrIT;;600,43;
A115;2017-09-20;2017-11-10;2918;Skulder medlemmar;10;;MB - Mat en dag med StyrIT;MB - Mat en dag med StyrIT;600,43;;
A116;2017-09-20;2017-11-10;1920;Bankkonto StyrIT;10;;MB - Tårta phaddergruppsvinnare;MB - Tårta phaddergruppsvinnare;;858,00;
A116;2017-09-20;2017-11-10;2918;Skulder medlemmar;10;;MB - Tårta phaddergruppsvinnare;MB - Tårta phaddergruppsvinnare;858,00;;
A117;2017-09-20;2017-11-11;1618;Fordringar Medlemmar;10;;Dubbel betalning av MU skärmar;Dubbel betalning av MU skärmar;2078,00;;
A117;2017-09-20;2017-11-11;1920;Bankkonto StyrIT;10;;Dubbel betalning av MU skärmar;Dubbel betalning av MU skärmar;;2078,00;
A118;2017-09-20;2017-11-11;1920;Bankkonto StyrIT;10;;MB - Sektionsmötesfika Maxi MV2;MB - Sektionsmötesfika Maxi MV2;;242,25;
A118;2017-09-20;2017-11-11;2918;Skulder medlemmar;10;;MB - Sektionsmötesfika Maxi MV2;MB - Sektionsmötesfika Maxi MV2;242,25;;
A119;2017-09-20;2017-11-11;1920;Bankkonto StyrIT;10;;iZettle utbetalning för försäljning 2017-08-18;iZettle utbetalning för försäljning 2017-08-18;;1748,03;
A119;2017-09-20;2017-11-11;2921;Skulder FanbärerIT;10;;iZettle utbetalning för försäljning 2017-08-18;iZettle utbetalning för försäljning 2017-08-18;1748,03;;
A120;2017-09-20;2017-11-11;1920;Bankkonto StyrIT;10;;MB - Sektionsmötesmat MV2;MB - Sektionsmötesmat MV2;;3150,00;
A120;2017-09-20;2017-11-11;2918;Skulder medlemmar;10;;MB - Sektionsmötesmat MV2;MB - Sektionsmötesmat MV2;3150,00;;
A121;2017-09-20;2017-11-11;1920;Bankkonto StyrIT;10;;Utbetalning av modulsponspengar  som kom in på bankgirot;Utbetalning av modulsponspengar  som kom in på bankgirot;;900,00;
A121;2017-09-20;2017-11-11;2912;Skulder NollKIT;10;;Utbetalning av modulsponspengar  som kom in på bankgirot;Utbetalning av modulsponspengar  som kom in på bankgirot;900,00;;
A122;2017-09-20;2017-11-11;1920;Bankkonto StyrIT;10;;MB - Överlämning StyrIT;;;2175,00;
A122;2017-09-20;2017-11-11;2918;Skulder medlemmar;10;;MB - Överlämning StyrIT;;2175,00;;
A123;2017-09-20;2017-11-11;1920;Bankkonto StyrIT;10;;MB - Teambuilding StyrIT;;;480,00;
A123;2017-09-20;2017-11-11;2918;Skulder medlemmar;10;;MB - Teambuilding StyrIT;;480,00;;
A124;2017-09-20;2017-11-11;1920;Bankkonto StyrIT;10;;FB - Fortnox September;FB - Fortnox September;;2370,00;
A124;2017-09-20;2017-11-11;2440;Leverantörsskulder;10;;FB - Fortnox September;FB - Fortnox September;2370,00;;
A125;2017-09-20;2017-11-11;1920;Bankkonto StyrIT;10;;FB - Shurgard Oktober;FB - Shurgard Oktober;;552,00;
A125;2017-09-20;2017-11-11;2440;Leverantörsskulder;10;;FB - Shurgard Oktober;FB - Shurgard Oktober;552,00;;
A126;2017-09-20;2017-11-11;1920;Bankkonto StyrIT;10;;FB - GT Augusti;FB - GT Augusti;;28156,00;
A126;2017-09-20;2017-11-11;2440;Leverantörsskulder;10;;FB - GT Augusti;FB - GT Augusti;28156,00;;
A127;2017-09-20;2017-11-11;1920;Bankkonto StyrIT;10;;FB - PU-biljetter för utlottning under sektionsmöten;FB - PU-biljetter för utlottning under sektionsmöten;;250,00;
A127;2017-09-20;2017-11-11;2440;Leverantörsskulder;10;;FB - PU-biljetter för utlottning under sektionsmöten;FB - PU-biljetter för utlottning under sektionsmöten;250,00;;
A128;2017-09-20;2017-11-11;1930;Bankkonto Swish;10;;Inkomst Swish;Inkomst Swish;2060,00;;
A128;2017-09-20;2017-11-11;2911;Skulder sexIT;10;;Inkomst Swish;Inkomst Swish;;2025,50;
A128;2017-09-20;2017-11-11;2919;Skulder Swish;10;;Inkomst Swish;Inkomst Swish;;34,50;
A129;2017-09-20;2017-11-11;1930;Bankkonto Swish;10;;Swish Månadsavgifter för Augusti;Swish Månadsavgifter för Augusti;;702,00;
A129;2017-09-20;2017-11-11;2919;Skulder Swish;10;;Swish Månadsavgifter för Augusti;Swish Månadsavgifter för Augusti;702,00;;
A130;2017-09-21;2017-11-11;1920;Bankkonto StyrIT;10;;Skuld till Skatteverket inbetald;;;887,00;
A130;2017-09-21;2017-11-11;2510;Skatteskulder;10;;Skuld till Skatteverket inbetald;;887,00;;
A131;2017-09-21;2017-11-11;1930;Bankkonto Swish;10;;Inkomst Swish Sittning;Inkomst Swish Sittning;630,00;;
A131;2017-09-21;2017-11-11;2911;Skulder sexIT;10;;Inkomst Swish Sittning;Inkomst Swish Sittning;;619,50;
A131;2017-09-21;2017-11-11;2919;Skulder Swish;10;;Inkomst Swish Sittning;Inkomst Swish Sittning;;10,50;
A132;2017-09-22;2017-11-11;1930;Bankkonto Swish;10;;Inkomst Swish Sittning;Inkomst Swish Sittning;450,00;;
A132;2017-09-22;2017-11-11;2911;Skulder sexIT;10;;Inkomst Swish Sittning;Inkomst Swish Sittning;;442,50;
A132;2017-09-22;2017-11-11;2919;Skulder Swish;10;;Inkomst Swish Sittning;Inkomst Swish Sittning;;7,50;
A133;2017-09-25;2017-11-11;1930;Bankkonto Swish;10;;Inkomst Swish Alumnimiddag;Inkomst Swish Alumnimiddag;1100,00;;
A133;2017-09-25;2017-11-11;2919;Skulder Swish;10;;Inkomst Swish Alumnimiddag;Inkomst Swish Alumnimiddag;;3,00;
A133;2017-09-25;2017-11-11;3215;Intäkter Alumnimiddag;10;;Inkomst Swish Alumnimiddag;Inkomst Swish Alumnimiddag;;1097,00;
A134;2017-09-26;2017-11-13;1920;Bankkonto StyrIT;10;;BI - Sunfleet DrawIT för Augusti;BI - Sunfleet DrawIT för Augusti;285,56;;
A134;2017-09-26;2017-11-13;1510;Kundfordringar;10;;BI - Sunfleet DrawIT för Augusti;BI - Sunfleet DrawIT för Augusti;;285,56;
A135;2017-09-26;2017-11-11;2918;Skulder medlemmar;10;;MU - Äskning PRIT Afterschool 3;MU - Äskning PRIT Afterschool 3;;268,80;
A135;2017-09-26;2017-11-11;4310;Kostnader äskningar;10;;MU - Äskning PRIT Afterschool 3;MU - Äskning PRIT Afterschool 3;268,80;;
A136;2017-09-26;2017-11-11;2440;Leverantörsskulder;10;;FM - AM Wijkanders;FM - AM Wijkanders;;62550,00;
A136;2017-09-26;2017-11-11;4215;Kostnader Alumnimiddag;10;;FM - AM Wijkanders;FM - AM Wijkanders;62550,00;;
A137;2017-09-28;2017-11-11;2918;Skulder medlemmar;10;;MU - Äskning PRIT Afterschool 1;MU - Äskning PRIT Afterschool 1;;511,90;
A137;2017-09-28;2017-11-11;4310;Kostnader äskningar;10;;MU - Äskning PRIT Afterschool 1;MU - Äskning PRIT Afterschool 1;511,90;;
A138;2017-09-28;2017-11-11;1930;Bankkonto Swish;10;;Retur Swish Alumnimiddag;Retur Swish Alumnimiddag;;700,00;
A138;2017-09-28;2017-11-11;3215;Intäkter Alumnimiddag;10;;Retur Swish Alumnimiddag;Retur Swish Alumnimiddag;700,00;;
A139;2017-09-28;2017-11-11;2918;Skulder medlemmar;10;;MU - Äskning PRIT Afterschool 4;;;99,60;
A139;2017-09-28;2017-11-11;4310;Kostnader äskningar;10;;MU - Äskning PRIT Afterschool 4;;99,60;;
A140;2017-09-28;2017-11-11;2918;Skulder medlemmar;10;;MU - Äskning PRIT Afterschool 2;MU - Äskning PRIT Afterschool 2;;392,00;
A140;2017-09-28;2017-11-11;4310;Kostnader äskningar;10;;MU - Äskning PRIT Afterschool 2;MU - Äskning PRIT Afterschool 2;392,00;;
A141;2017-09-30;2017-11-11;1610;Fordringar PRIT;10;;FM - Sunfleet September;FM - Sunfleet September;287,20;;
A141;2017-09-30;2017-11-11;1611;Fordringar sexIT;10;;FM - Sunfleet September;FM - Sunfleet September;320,32;;
A141;2017-09-30;2017-11-11;1612;Fordringar NollKIT;10;;FM - Sunfleet September;FM - Sunfleet September;2440,02;;
A141;2017-09-30;2017-11-11;1616;Fordringar MRCIT;10;;FM - Sunfleet September;FM - Sunfleet September;179,38;;
A141;2017-09-30;2017-11-11;2440;Leverantörsskulder;10;;FM - Sunfleet September;FM - Sunfleet September;;4476,92;
A141;2017-09-30;2017-11-11;5610;Kostnader bil;10;;FM - Sunfleet September;FM - Sunfleet September;1250,00;;
A142;2017-10-02;2017-11-11;2918;Skulder medlemmar;10;;MU - Äskning Kanelbullensdag;;;131,70;
A142;2017-10-02;2017-11-11;4310;Kostnader äskningar;10;;MU - Äskning Kanelbullensdag;;131,70;;
A143;2017-10-02;2017-11-11;2440;Leverantörsskulder;10;;FM - AM Sånghäften;FM - AM Sånghäften;;619,00;
A143;2017-10-02;2017-11-11;4215;Kostnader Alumnimiddag;10;;FM - AM Sånghäften;FM - AM Sånghäften;619,00;;
A144;2017-10-03;2017-11-11;1920;Bankkonto StyrIT;10;;inbetalning iZettle för September;inbetalning iZettle för September;29722,06;;
A144;2017-10-03;2017-11-11;2910;Skulder PRIT;10;;inbetalning iZettle för September;inbetalning iZettle för September;;797,74;
A144;2017-10-03;2017-11-11;2912;Skulder NollKIT;10;;inbetalning iZettle för September;inbetalning iZettle för September;;22595,85;
A144;2017-10-03;2017-11-11;2916;Skulder MRCIT;10;;inbetalning iZettle för September;inbetalning iZettle för September;;6328,47;
A145;2017-10-04;2017-11-11;2918;Skulder medlemmar;10;;MU - Fika sektionsmöte LP1;MU - Fika sektionsmöte LP1;;264,20;
A145;2017-10-04;2017-11-11;4331;Kostnader Sektionsmötesmat;10;;MU - Fika sektionsmöte LP1;MU - Fika sektionsmöte LP1;264,20;;
A146;2017-10-04;2017-11-11;2918;Skulder medlemmar;10;;MU - Sektionsmötesmat LP1 Extra;MU - Sektionsmötesmat LP1 Extra;;180,00;
A146;2017-10-04;2017-11-11;4331;Kostnader Sektionsmötesmat;10;;MU - Sektionsmötesmat LP1 Extra;MU - Sektionsmötesmat LP1 Extra;180,00;;
A147;2017-10-06;2017-11-11;2918;Skulder medlemmar;10;;MU - Spotify Oktober;MU - Spotify Oktober;;99,00;
A147;2017-10-06;2017-11-11;4323;Kostnader Spotify;10;;MU - Spotify Oktober;MU - Spotify Oktober;99,00;;
A148;2017-10-08;2017-11-11;2440;Leverantörsskulder;10;;FM - AM Veragücklarna;FM - AM Veragücklarna;;3000,00;
A148;2017-10-08;2017-11-11;4215;Kostnader Alumnimiddag;10;;FM - AM Veragücklarna;FM - AM Veragücklarna;3000,00;;
A149;2017-10-10;2017-11-11;1920;Bankkonto StyrIT;10;;Inköp - Mat för kassörskväll LP1;Inköp - Mat för kassörskväll LP1;;146,54;
A149;2017-10-10;2017-11-11;4522;Kostnader Kassörskväll och Ordförandemöten;10;;Inköp - Mat för kassörskväll LP1;Inköp - Mat för kassörskväll LP1;146,54;;
A150;2017-10-10;2017-11-11;1920;Bankkonto StyrIT;10;;BI - Till PRIT från Fysik;BI - Till PRIT från Fysik;100,00;;
A150;2017-10-10;2017-11-11;2910;Skulder PRIT;10;;BI - Till PRIT från Fysik;BI - Till PRIT från Fysik;;100,00;
A151;2017-10-10;2017-11-11;1930;Bankkonto Swish;10;;Inkomst Swish Oktobersits ;;1421,00;;
A151;2017-10-10;2017-11-11;2919;Skulder Swish;10;;Inkomst Swish Oktobersits ;;;25,50;
A151;2017-10-10;2017-11-11;2910;Skulder PRIT;10;;Inkomst Swish Oktobersits ;;;1395,50;
A152;2017-10-11;2017-11-11;1920;Bankkonto StyrIT;10;;Inköp - Mat för kassörskväll LP1 Stöd;Inköp - Mat för kassörskväll LP1 Stöd;;46,31;
A152;2017-10-11;2017-11-11;4522;Kostnader Kassörskväll och Ordförandemöten;10;;Inköp - Mat för kassörskväll LP1 Stöd;Inköp - Mat för kassörskväll LP1 Stöd;46,31;;
A153;2017-10-11;2017-11-11;1930;Bankkonto Swish;10;;Inkomst Swish Oktobersits;Inkomst Swish Oktobersits;1169,00;;
A153;2017-10-11;2017-11-11;2910;Skulder PRIT;10;;Inkomst Swish Oktobersits;Inkomst Swish Oktobersits;;1149,50;
A153;2017-10-11;2017-11-11;2919;Skulder Swish;10;;Inkomst Swish Oktobersits;Inkomst Swish Oktobersits;;19,50;
A154;2017-10-12;2017-11-11;1930;Bankkonto Swish;10;;Inkomst Swish Oktobersits;Inkomst Swish Oktobersits;1070,00;;
A154;2017-10-12;2017-11-11;2910;Skulder PRIT;10;;Inkomst Swish Oktobersits;Inkomst Swish Oktobersits;;1052,00;
A154;2017-10-12;2017-11-11;2919;Skulder Swish;10;;Inkomst Swish Oktobersits;Inkomst Swish Oktobersits;;18,00;
A155;2017-10-13;2017-12-12;1930;Bankkonto Swish;10;;Inkomst Swish Oktobersits;Inkomst Swish Oktobersits;1150,00;;
A155;2017-10-13;2017-12-12;2910;Skulder PRIT;10;;Inkomst Swish Oktobersits;Inkomst Swish Oktobersits;;1130,50;
A155;2017-10-13;2017-12-12;2919;Skulder Swish;10;;Inkomst Swish Oktobersits;Inkomst Swish Oktobersits;;19,50;
A156;2017-10-13;2017-11-11;1920;Bankkonto StyrIT;10;;MB - Äskning Kanelbullensdag;;;131,70;
A156;2017-10-13;2017-11-11;2918;Skulder medlemmar;10;;MB - Äskning Kanelbullensdag;;131,70;;
A157;2017-10-13;2017-11-11;1920;Bankkonto StyrIT;10;;MB - Äskning PRIT Afterschool 3;;;268,80;
A157;2017-10-13;2017-11-11;2918;Skulder medlemmar;10;;MB - Äskning PRIT Afterschool 3;;268,80;;
A158;2017-10-13;2017-11-11;1920;Bankkonto StyrIT;10;;MB - Äskning PRIT Afterschool 4;;;99,60;
A158;2017-10-13;2017-11-11;2918;Skulder medlemmar;10;;MB - Äskning PRIT Afterschool 4;;99,60;;
A159;2017-10-13;2017-11-11;1920;Bankkonto StyrIT;10;;MB - Sektionsmötesmat LP1 Extra;;;180,00;
A159;2017-10-13;2017-11-11;2918;Skulder medlemmar;10;;MB - Sektionsmötesmat LP1 Extra;;180,00;;
A160;2017-10-13;2017-11-11;1920;Bankkonto StyrIT;10;;MB - Äskning PRIT Afterschool 2;;;392,00;
A160;2017-10-13;2017-11-11;2918;Skulder medlemmar;10;;MB - Äskning PRIT Afterschool 2;;392,00;;
A161;2017-10-13;2017-11-11;1920;Bankkonto StyrIT;10;;MB - Äskning PRIT Afterschool 1;MB - Äskning PRIT Afterschool 1;;511,90;
A161;2017-10-13;2017-11-11;2918;Skulder medlemmar;10;;MB - Äskning PRIT Afterschool 1;MB - Äskning PRIT Afterschool 1;511,90;;
A162;2017-10-13;2017-11-11;1920;Bankkonto StyrIT;10;;MB - Jourtelefon StyrIT;MB - Jourtelefon StyrIT;;249,90;
A162;2017-10-13;2017-11-11;2918;Skulder medlemmar;10;;MB - Jourtelefon StyrIT;MB - Jourtelefon StyrIT;249,90;;
A163;2017-10-13;2017-11-11;1920;Bankkonto StyrIT;10;;FB - Sunfleet September;FB - Sunfleet September;;4476,92;
A163;2017-10-13;2017-11-11;2440;Leverantörsskulder;10;;FB - Sunfleet September;FB - Sunfleet September;4476,92;;
A164;2017-10-13;2017-11-11;1920;Bankkonto StyrIT;10;;FB- AM Sånghäften;FB- AM Sånghäften;;619,00;
A164;2017-10-13;2017-11-11;2440;Leverantörsskulder;10;;FB- AM Sånghäften;FB- AM Sånghäften;619,00;;
A165;2017-10-13;2017-11-11;1920;Bankkonto StyrIT;10;;FB - AM Wijkanders;FB - AM Wijkanders;;62550,00;
A165;2017-10-13;2017-11-11;2440;Leverantörsskulder;10;;FB - AM Wijkanders;FB - AM Wijkanders;62550,00;;
A166;2017-10-16;2017-11-11;1930;Bankkonto Swish;10;;Inkomst Swish Oktobersits och Alumnimiddag;Inkomst Swish Oktobersits och Alumnimiddag;1180,00;;
A166;2017-10-16;2017-11-11;2910;Skulder PRIT;10;;Inkomst Swish Oktobersits och Alumnimiddag;Inkomst Swish Oktobersits och Alumnimiddag;;75,50;
A166;2017-10-16;2017-11-11;2919;Skulder Swish;10;;Inkomst Swish Oktobersits och Alumnimiddag;Inkomst Swish Oktobersits och Alumnimiddag;;7,50;
A166;2017-10-16;2017-11-11;3215;Intäkter Alumnimiddag;10;;Inkomst Swish Oktobersits och Alumnimiddag;Inkomst Swish Oktobersits och Alumnimiddag;;1097,00;
A167;2017-10-16;2017-11-11;2440;Leverantörsskulder;10;;FM  - Chalmers Försäkring;FM  - Chalmers Försäkring;;2400,00;
A167;2017-10-16;2017-11-11;6571;Försäkringar;10;;FM  - Chalmers Försäkring;FM  - Chalmers Försäkring;2400,00;;
A168;2017-10-16;2017-11-11;2440;Leverantörsskulder;10;;FM - GT September;FM - GT September;;55513,00;
A168;2017-10-16;2017-11-11;6573;Kostnader Extern Ekonomisk Rådgivning;10;;FM - GT September;FM - GT September;55513,00;;
A169;2017-09-14;2017-11-13;2918;Skulder medlemmar;10;;MU - Fika ordförandemöte 1 LP1;MU - Fika ordförandemöte 1 LP1;;173,76;
A169;2017-09-14;2017-11-13;4522;Kostnader Kassörskväll och Ordförandemöten;10;;MU - Fika ordförandemöte 1 LP1;MU - Fika ordförandemöte 1 LP1;173,76;;
A170;2017-10-12;2017-11-13;2918;Skulder medlemmar;10;;MU - Fika ordförandemöte 2 LP1;MU - Fika ordförandemöte 2 LP1;;87,78;
A170;2017-10-12;2017-11-13;4522;Kostnader Kassörskväll och Ordförandemöten;10;;MU - Fika ordförandemöte 2 LP1;MU - Fika ordförandemöte 2 LP1;87,78;;
A171;2017-10-17;2017-11-13;2440;Leverantörsskulder;10;;FM - Shurgard November;FM - Shurgard November;;552,00;
A171;2017-10-17;2017-11-13;4410;Kostnader Förvaring;10;;FM - Shurgard November;FM - Shurgard November;552,00;;
A172;2017-10-17;2017-11-13;2918;Skulder medlemmar;10;;MU - Äskning Inpirationsföreläsning att sitta i en kommittée;MU - Äskning Inpirationsföreläsning att sitta i en kommittée;;332,55;
A172;2017-10-17;2017-11-13;4310;Kostnader äskningar;10;;MU - Äskning Inpirationsföreläsning att sitta i en kommittée;MU - Äskning Inpirationsföreläsning att sitta i en kommittée;332,55;;
A173;2017-10-17;2017-11-13;2918;Skulder medlemmar;10;;MU - Överlämning valberedning;MU - Överlämning valberedning;;1363,00;
A173;2017-10-17;2017-11-13;4241;Kostnader överlämningar;10;;MU - Överlämning valberedning;;1363,00;;
A174;2017-10-20;2017-11-13;1920;Bankkonto StyrIT;10;;Bidrag DigIT;Bidrag DigIT;;5000,00;
A174;2017-10-20;2017-11-13;1926;Bankkonto digIT;10;;Bidrag DigIT;Bidrag DigIT;5000,00;;
A175;2017-10-20;2017-11-13;1920;Bankkonto StyrIT;10;;MB - Fika sektionsmöte LP1;;;264,20;
A175;2017-10-20;2017-11-13;2918;Skulder medlemmar;10;;MB - Fika sektionsmöte LP1;;264,20;;
A176;2017-10-20;2017-11-13;1920;Bankkonto StyrIT;10;;MB - Äskning Inpirationsföreläsning att sitta i en kommittée;MB - Äskning Inpirationsföreläsning att sitta i en kommittée;;332,55;
A176;2017-10-20;2017-11-13;2918;Skulder medlemmar;10;;MB - Äskning Inpirationsföreläsning att sitta i en kommittée;MB - Äskning Inpirationsföreläsning att sitta i en kommittée;332,55;;
A177;2017-10-20;2017-11-13;1920;Bankkonto StyrIT;10;;FB - Shurgard för November;FB - Shurgard för November;;552,00;
A177;2017-10-20;2017-11-13;2440;Leverantörsskulder;10;;FB - Shurgard för November;FB - Shurgard för November;552,00;;
A178;2017-10-20;2017-11-13;1920;Bankkonto StyrIT;10;;FB - Chalmers Försäkring;FB - Chalmers Försäkring;;2400,00;
A178;2017-10-20;2017-11-13;2440;Leverantörsskulder;10;;FB - Chalmers Försäkring;FB - Chalmers Försäkring;2400,00;;
A179;2017-10-20;2017-11-13;1920;Bankkonto StyrIT;10;;FB - AM Veragücklarna;FB - AM Veragücklarna;;3000,00;
A179;2017-10-20;2017-11-13;2440;Leverantörsskulder;10;;FB - AM Veragücklarna;FB - AM Veragücklarna;3000,00;;
A180;2017-10-23;2017-11-13;1930;Bankkonto Swish;10;;Inkomst Swish Alumnimiddag;Inkomst Swish;700,00;;
A180;2017-10-23;2017-11-13;2919;Skulder Swish;10;;Inkomst Swish Alumnimiddag;Inkomst Swish;;1,50;
A180;2017-10-23;2017-11-13;3215;Intäkter Alumnimiddag;10;;Inkomst Swish Alumnimiddag;Inkomst Swish;;698,50;
A181;2017-10-23;2017-11-13;1920;Bankkonto StyrIT;10;;Sunfleet Augusti NollKIT inbetalning;Sunfleet Augusti NollKIT inbetalning;1116,38;;
A181;2017-10-23;2017-11-13;1612;Fordringar NollKIT;10;;Sunfleet Augusti NollKIT inbetalning;Sunfleet Augusti NollKIT inbetalning;;1116,38;
A182;2017-10-23;2017-11-13;1618;Fordringar Medlemmar;10;;Domänavgift medlemsutlägg rättande inbetalning;Domänavgift medlemsutlägg rättande inbetalning;;5,91;
A182;2017-10-23;2017-11-13;1920;Bankkonto StyrIT;10;;Domänavgift medlemsutlägg rättande inbetalning;Domänavgift medlemsutlägg rättande inbetalning;5,91;;
A183;2017-10-25;2017-11-13;1618;Fordringar Medlemmar;10;;Inbetalning av MU skärmar;Inbetalning av MU skärmar;;2078,00;
A183;2017-10-25;2017-11-13;1920;Bankkonto StyrIT;10;;Inbetalning av MU skärmar;Inbetalning av MU skärmar;2078,00;;
A184;2017-10-27;2017-11-13;1920;Bankkonto StyrIT;10;;Sektionsavgifter för Våren 2017;Sektionsavgifter för Våren 2017;25760,00;;
A184;2017-10-27;2017-11-13;3270;Sektionsavgifter;10;;Sektionsavgifter för Våren 2017;Sektionsavgifter för Våren 2017;;25760,00;
A185;2017-10-29;2017-11-13;2918;Skulder medlemmar;10;;MU - Teambuilding StyrIT Tullen;MU - Teambuilding StyrIT Tullen;;630,00;
A185;2017-10-29;2017-11-13;4510;Kostnader Intern Representation;10;;MU - Teambuilding StyrIT Tullen;MU - Teambuilding StyrIT Tullen;630,00;;
A186;2017-10-20;2017-11-13;1930;Bankkonto Swish;10;;Swish-kostnader för september;Swish-kostnader för september;;420,00;
A186;2017-10-20;2017-11-13;2919;Skulder Swish;10;;Swish-kostnader för september;Swish-kostnader för september;420,00;;
A187;2017-10-30;2017-11-13;1920;Bankkonto StyrIT;10;;Överföring för utbetalning av mottagningssittning Swish;Överföring för utbetalning av mottagningssittning Swish;5448,00;;
A187;2017-10-30;2017-11-13;1930;Bankkonto Swish;10;;Överföring för utbetalning av mottagningssittning Swish;Överföring för utbetalning av mottagningssittning Swish;;5448,00;
A188;2017-10-30;2017-11-13;1930;Bankkonto Swish;10;;Swish utbetalning för intäkter Oktobersits;Swish utbetalning för intäkter Oktobersits;;4803,00;
A188;2017-10-30;2017-11-13;2910;Skulder PRIT;10;;Swish utbetalning för intäkter Oktobersits;Swish utbetalning för intäkter Oktobersits;4803,00;;
A189;2017-10-30;2017-11-13;1930;Bankkonto Swish;10;;Swish utbetalning för intäkter Våfflor PRIT;Swish utbetalning för intäkter Våfflor PRIT;;7279,00;
A189;2017-10-30;2017-11-13;2910;Skulder PRIT;10;;Swish utbetalning för intäkter Våfflor PRIT;Swish utbetalning för intäkter Våfflor PRIT;4135,50;;
A189;2017-10-30;2017-11-13;2910;Skulder PRIT;10;;Swish utbetalning för intäkter Våfflor PRIT;Swish utbetalning för intäkter Våfflor PRIT;3143,50;;
A190;2017-10-30;2017-11-13;1920;Bankkonto StyrIT;10;;Överföring för returnerade Alumnimiddagsbiljetter;Överföring för returnerade Alumnimiddagsbiljetter;;2500,00;
A190;2017-10-30;2017-11-13;1930;Bankkonto Swish;10;;Överföring för returnerade Alumnimiddagsbiljetter;Överföring för returnerade Alumnimiddagsbiljetter;2500,00;;
A191;2017-10-30;2017-11-13;1920;Bankkonto StyrIT;10;;Överföring för Alumnimiddagsbiljettinkomster Swish;Överföring för Alumnimiddagsbiljettinkomster Swish;42989,00;;
A191;2017-10-30;2017-11-13;1930;Bankkonto Swish;10;;Överföring för Alumnimiddagsbiljettinkomster Swish;Överföring för Alumnimiddagsbiljettinkomster Swish;;42989,00;
A192;2017-10-30;2017-11-13;1930;Bankkonto Swish;10;;Överföring intäkter Swish för Sittning sexIT;Överföring intäkter Swish för Sittning sexIT;;8075,50;
A192;2017-10-30;2017-11-13;2911;Skulder sexIT;10;;Överföring intäkter Swish för Sittning sexIT;Överföring intäkter Swish för Sittning sexIT;8075,50;;
A193;2017-10-30;2017-11-13;2440;Leverantörsskulder;10;;FM - Hedersdiplom Samuel Bengmark;FM - Hedersdiplom Samuel Bengmark;;108,00;
A193;2017-10-30;2017-11-13;6990;Övriga kostnader;10;;FM - Hedersdiplom Samuel Bengmark;FM - Hedersdiplom Samuel Bengmark;108,00;;
A194;2017-10-30;2017-11-13;1920;Bankkonto StyrIT;10;;FB - GT September;FB - GT September;;55513,00;
A194;2017-10-30;2017-11-13;2440;Leverantörsskulder;10;;FB - GT September;FB - GT September;55513,00;;
A195;2017-10-31;2017-11-13;2918;Skulder medlemmar;10;;MU - Aspningsarrangörsutbildningsfika;MU - Aspningsarrangörsutbildningsfika;;74,30;
A195;2017-10-31;2017-11-13;4520;Kostnader Föreningsutbildningar;10;;MU - Aspningsarrangörsutbildningsfika;MU - Aspningsarrangörsutbildningsfika;74,30;;
A196;2017-10-31;2017-11-13;2440;Leverantörsskulder;10;;FM - Sunfleet oktober;FM - Sunfleet oktober;;1141,03;
A196;2017-10-31;2017-11-13;1610;Fordringar PRIT;10;;FM - Sunfleet oktober;FM - Sunfleet oktober;1141,03;;
A197;2017-10-31;2017-11-13;1920;Bankkonto StyrIT;10;;Överföring Bidrag Förbrukningsvaror;Överföring Bidrag Förbrukningsvaror;;13500,00;
A197;2017-10-31;2017-11-13;1921;Bankkonto PRIT;10;;Överföring Bidrag Förbrukningsvaror;Överföring Bidrag Förbrukningsvaror;13500,00;;
A198;2017-10-31;2017-11-13;1920;Bankkonto StyrIT;10;;Överföring för Rust - Induktionshällar;Överföring för Rust - Induktionshällar;;5310,00;
A198;2017-10-31;2017-11-13;1921;Bankkonto PRIT;10;;Överföring för Rust - Induktionshällar;Överföring för Rust - Induktionshällar;5310,00;;
A199;2017-10-31;2017-11-13;1920;Bankkonto StyrIT;10;;Utbetalning för iZettleförsäljning 2017-09-07;Utbetalning för iZettleförsäljning 2017-09-07;;797,74;
A199;2017-10-31;2017-11-13;2910;Skulder PRIT;10;;Utbetalning för iZettleförsäljning 2017-09-07;Utbetalning för iZettleförsäljning 2017-09-07;797,74;;
A200;2017-10-31;2017-11-13;2440;Leverantörsskulder;10;;FM - Sektionsmötesmat LP2;FM - Sektionsmötesmat LP2;;2346,00;
A200;2017-10-31;2017-11-13;4331;Kostnader Sektionsmötesmat;10;;FM - Sektionsmötesmat LP2;FM - Sektionsmötesmat LP2;2346,00;;
A201;2017-11-02;2017-11-13;1930;Bankkonto Swish;10;;Inkomst Swish Våfflor Pubrunda LP2 Torsdag;Inkomst Swish Våfflor Pubrunda LP2 Torsdag;3405,00;;
A201;2017-11-02;2017-11-13;2910;Skulder PRIT;10;;Inkomst Swish Våfflor Pubrunda LP2 Torsdag;Inkomst Swish Våfflor Pubrunda LP2 Torsdag;;3159,00;
A201;2017-11-02;2017-11-13;2919;Skulder Swish;10;;Inkomst Swish Våfflor Pubrunda LP2 Torsdag;Inkomst Swish Våfflor Pubrunda LP2 Torsdag;;246,00;
A202;2017-11-03;2017-11-13;1930;Bankkonto Swish;10;;Inkomster Swish Våfflor Pubrunda LP2 Fredag;Inkomster Swish Våfflor Pubrunda LP2 Fredag;2625,00;;
A202;2017-11-03;2017-11-13;2919;Skulder Swish;10;;Inkomster Swish Våfflor Pubrunda LP2 Fredag;Inkomster Swish Våfflor Pubrunda LP2 Fredag;;174,00;
A202;2017-11-03;2017-11-13;2910;Skulder PRIT;10;;Inkomster Swish Våfflor Pubrunda LP2 Fredag;Inkomster Swish Våfflor Pubrunda LP2 Fredag;;2451,00;
A203;2017-11-03;2017-11-13;1920;Bankkonto StyrIT;10;;MB - Aspningsarrangörsutbildningsfika;MB - Aspningsarrangörsutbildningsfika;;74,30;
A203;2017-11-03;2017-11-13;2918;Skulder medlemmar;10;;MB - Aspningsarrangörsutbildningsfika;MB - Aspningsarrangörsutbildningsfika;74,30;;
A204;2017-11-03;2017-11-13;1920;Bankkonto StyrIT;10;;FB;FB - Hedersdiplom Samuel Bengmark;;108,00;
A204;2017-11-03;2017-11-13;2440;Leverantörsskulder;10;;FB;FB - Hedersdiplom Samuel Bengmark;108,00;;
A205;2017-11-06;2017-11-13;2918;Skulder medlemmar;10;;MU -Spotify 1 mån;MU -Spotify 1 mån;;99,00;
A205;2017-11-06;2017-11-13;4323;Kostnader Spotify;10;;MU -Spotify 1 mån;MU -Spotify 1 mån;99,00;;
A206;2017-11-06;2017-11-13;2918;Skulder medlemmar;10;;MU - Spotify 3 mån;MU - Spotify 3 mån;;297,00;
A206;2017-11-06;2017-11-13;4323;Kostnader Spotify;10;;MU - Spotify 3 mån;MU - Spotify 3 mån;297,00;;
A207;2017-11-06;2017-11-13;2918;Skulder medlemmar;10;;MU - Spotify 6 mån;MU - Spotify 6 mån;;594,00;
A207;2017-11-06;2017-11-13;4323;Kostnader Spotify;10;;MU - Spotify 6 mån;MU - Spotify 6 mån;594,00;;
A208;2017-11-07;2017-11-13;1920;Bankkonto StyrIT;10;;Inbetalat lån från ArmIT;Inbetalat lån från ArmIT;10000,00;;
A208;2017-11-07;2017-11-13;1614;Fordringar armIT;10;;Inbetalat lån från ArmIT;Inbetalat lån från ArmIT;;10000,00;
A209;2017-11-07;2017-11-13;1920;Bankkonto StyrIT;10;;Inköp - Mat Kassörskväll LP2;;;198,20;
A209;2017-11-07;2017-11-13;4522;Kostnader Kassörskväll och Ordförandemöten;10;;Inköp - Mat Kassörskväll LP2;Inköp - Mat Kassörskväll LP2;198,20;;
A210;2017-11-07;2017-11-13;1920;Bankkonto StyrIT;10;;Inbetalning från iZettle för Oktober + fram till 7 November;Inbetalning från iZettle för Oktobersits och Pubrunda;27180,24;;
A210;2017-11-07;2017-11-13;2910;Skulder PRIT;10;;Inbetalning från iZettle för Oktober + fram till 7 November;Inbetalning från iZettle för Oktobersits och Pubrunda;;27180,24;
A211;2017-11-08;2017-11-13;1930;Bankkonto Swish;10;;Inkomst Swish Mexicosittning;Inkomst Swish Mexicosittning;90,00;;
A211;2017-11-08;2017-11-13;2911;Skulder sexIT;10;;Inkomst Swish Mexicosittning;Inkomst Swish Mexicosittning;;88,50;
A211;2017-11-08;2017-11-13;2919;Skulder Swish;10;;Inkomst Swish Mexicosittning;Inkomst Swish Mexicosittning;;1,50;
A212;2017-11-08;2017-11-13;2918;Skulder medlemmar;10;;MU - Studentrösten höst vindruvor;MU - Studentrösten höst vindruvor;;82,40;
A212;2017-11-08;2017-11-13;4332;Kostnader Studentrösten;10;;MU - Studentrösten höst vindruvor;MU - Studentrösten höst vindruvor;82,40;;
A213;2017-11-08;2017-11-13;2918;Skulder medlemmar;10;;MU - Studentrösten höst godis;MU - Studentrösten höst godis;;201,14;
A213;2017-11-08;2017-11-13;4332;Kostnader Studentrösten;10;;MU - Studentrösten höst godis;MU - Studentrösten höst godis;201,14;;
A214;2017-11-09;2017-11-13;1930;Bankkonto Swish;10;;Inkomst Swish Mexicosittning;Inkomst Swish Mexicosittning;270,00;;
A214;2017-11-09;2017-11-13;2911;Skulder sexIT;10;;Inkomst Swish Mexicosittning;Inkomst Swish Mexicosittning;;265,50;
A214;2017-11-09;2017-11-13;2919;Skulder Swish;10;;Inkomst Swish Mexicosittning;Inkomst Swish Mexicosittning;;4,50;
A215;2017-11-09;2017-11-13;2918;Skulder medlemmar;10;;MU - Överlämning revisorer;MU - Överlämning revisorer;;440,00;
A215;2017-11-09;2017-11-13;4241;Kostnader överlämningar;10;;MU - Överlämning revisorer;MU - Överlämning revisorer;440,00;;
A216;2017-11-13;2017-11-13;1920;Bankkonto StyrIT;10;;MB - Teambuilding StyrIT Tullen;MB - Teambuilding StyrIT Tullen;;630,00;
A216;2017-11-13;2017-11-13;2918;Skulder medlemmar;10;;MB - Teambuilding StyrIT Tullen;MB - Teambuilding StyrIT Tullen;630,00;;
A217;2017-11-13;2017-11-13;1610;Fordringar PRIT;10;;Sunfleet September PRIT inbetalning;Sunfleet September PRIT inbetalning;;287,20;
A217;2017-11-13;2017-11-13;1920;Bankkonto StyrIT;10;;Sunfleet September PRIT inbetalning;Sunfleet September PRIT inbetalning;287,20;;
A218;2017-11-13;2017-11-13;1610;Fordringar PRIT;10;;Sunfleet Oktober PRIT Inbetalning;Sunfleet Oktober PRIT Inbetalning;;1141,03;
A218;2017-11-13;2017-11-13;1920;Bankkonto StyrIT;10;;Sunfleet Oktober PRIT Inbetalning;Sunfleet Oktober PRIT Inbetalning;1141,03;;
A219;2017-11-13;2017-11-13;1920;Bankkonto StyrIT;10;;MB - Överlämning revisorer;MB - Överlämning revisorer;;440,00;
A219;2017-11-13;2017-11-13;2918;Skulder medlemmar;10;;MB - Överlämning revisorer;MB - Överlämning revisorer;440,00;;
A220;2017-11-13;2017-11-13;1920;Bankkonto StyrIT;10;;MB - Studentrösten höst godis + vindruvor;MB - Studentrösten höst godis + vindruvor;;283,54;
A220;2017-11-13;2017-11-13;2918;Skulder medlemmar;10;;MB - Studentrösten höst godis + vindruvor;MB - Studentrösten höst godis + vindruvor;283,54;;
A221;2017-11-13;2017-11-13;1920;Bankkonto StyrIT;10;;MB - Ordförandemöte LP1 1 och 2;MB - Ordförandemöte LP1 1 och 2;;261,54;
A221;2017-11-13;2017-11-13;2918;Skulder medlemmar;10;;MB - Ordförandemöte LP1 1 och 2;MB - Ordförandemöte LP1 1 och 2;261,54;;
A222;2017-11-13;2017-11-13;1920;Bankkonto StyrIT;10;;Utbetalning iZettle för inkomst 2017-10-13 och 2017-10-14;Utbetalning iZettle för inkomst 2017-10-13 och 2017-10-14;;5781,83;
A222;2017-11-13;2017-11-13;2910;Skulder PRIT;10;;Utbetalning iZettle för inkomst 2017-10-13 och 2017-10-14;Utbetalning iZettle för inkomst 2017-10-13 och 2017-10-14;5781,83;;
A223;2017-11-13;2017-11-13;1920;Bankkonto StyrIT;10;;Överföring för momsen på induktionshällarna;Överföring för momsen på induktionshällarna;;1328,00;
A223;2017-11-13;2017-11-13;1921;Bankkonto PRIT;10;;Överföring för momsen på induktionshällarna;Överföring för momsen på induktionshällarna;1328,00;;
A224;2017-11-13;2017-11-13;1920;Bankkonto StyrIT;10;;FB - Sunfleet oktober;FB - Sunfleet oktober;;1141,03;
A224;2017-11-13;2017-11-13;2440;Leverantörsskulder;10;;FB - Sunfleet oktober;FB - Sunfleet oktober;1141,03;;
A225;2017-11-13;2017-11-13;1920;Bankkonto StyrIT;10;;Utbetalning av försäljning iZettle 2017-11-02 och 2017-11-03;Utbetalning av försäljning iZettle 2017-11-02 och 2017-11-03;;21398,41;
A225;2017-11-13;2017-11-13;2910;Skulder PRIT;10;;Utbetalning av försäljning iZettle 2017-11-02 och 2017-11-03;Utbetalning av försäljning iZettle 2017-11-02 och 2017-11-03;21398,41;;
A226;2017-11-13;2017-11-13;1920;Bankkonto StyrIT;10;;MB - Alla Spotify;MB - Alla Spotify;;1188,00;
A226;2017-11-13;2017-11-13;2918;Skulder medlemmar;10;;MB - Alla Spotify;MB - Alla Spotify;1188,00;;
A227;2017-11-10;2018-02-26;2440;Leverantörsskulder;10;;FM - Digit Fortnox årsbetalning;;;885,00;
A227;2017-11-10;2018-02-26;6570;Bankkostnader;10;;FM - Digit Fortnox årsbetalning;;885,00;;
A228;2017-11-10;2018-02-26;2440;Leverantörsskulder;10;;FM - sexIT Fortnox årsbetalning;;;885,00;
A228;2017-11-10;2018-02-26;6570;Bankkostnader;10;;FM - sexIT Fortnox årsbetalning;;885,00;;
A229;2017-11-10;2018-02-26;2440;Leverantörsskulder;10;;FM - FrITid Fortnox årsbetalning;;;885,00;
A229;2017-11-10;2018-02-26;6570;Bankkostnader;10;;FM - FrITid Fortnox årsbetalning;;885,00;;
A230;2017-11-10;2018-02-26;2440;Leverantörsskulder;10;;FM - P.R.I.T. Fortnox årsbetalning;;;885,00;
A230;2017-11-10;2018-02-26;6570;Bankkostnader;10;;FM - P.R.I.T. Fortnox årsbetalning;;885,00;;
A231;2017-11-10;2018-02-26;2440;Leverantörsskulder;10;;FM - armIT Fortnox årsavgift;;;885,00;
A231;2017-11-10;2018-02-26;6570;Bankkostnader;10;;FM - armIT Fortnox årsavgift;;885,00;;
A232;2017-11-10;2018-02-26;2440;Leverantörsskulder;10;;FM - NollKIT Fortnox årsavgift;;;885,00;
A232;2017-11-10;2018-02-26;6570;Bankkostnader;10;;FM - NollKIT Fortnox årsavgift;;885,00;;
A233;2017-11-13;2018-02-26;2440;Leverantörsskulder;10;;FM - Grant Thornton Oktober;;;80635,00;
A233;2017-11-13;2018-02-26;6573;Kostnader Extern Ekonomisk Rådgivning;10;;FM - Grant Thornton Oktober;;80635,00;;
A234;2017-11-13;2018-02-26;1930;Bankkonto Swish;10;;Swish försäljning Mexicobiljetter;;180,00;;
A234;2017-11-13;2018-02-26;2911;Skulder sexIT;10;;Swish försäljning Mexicobiljetter;;;177,00;
A234;2017-11-13;2018-02-26;2919;Skulder Swish;10;;Swish försäljning Mexicobiljetter;;;3,00;
A235;2017-11-14;2018-02-26;1920;Bankkonto StyrIT;10;;MRCIT betalning Sunfleet September;;179,38;;
A235;2017-11-14;2018-02-26;1616;Fordringar MRCIT;10;;MRCIT betalning Sunfleet September;;;179,38;
A236;2017-11-14;2018-02-26;2918;Skulder medlemmar;10;;MU - Fika ordförandemöte 1 LP2;;;136,73;
A236;2017-11-14;2018-02-26;4522;Kostnader Kassörskväll och Ordförandemöten;10;;MU - Fika ordförandemöte 1 LP2;;136,73;;
A237;2017-11-14;2018-02-26;1930;Bankkonto Swish;10;;Swishintäkter mexicosittning;;90,00;;
A237;2017-11-14;2018-02-26;2911;Skulder sexIT;10;;Swishintäkter mexicosittning;;;88,50;
A237;2017-11-14;2018-02-26;2919;Skulder Swish;10;;Swishintäkter mexicosittning;;;1,50;
A238;2017-11-16;2018-02-26;1920;Bankkonto StyrIT;10;;Äskning för Phillips Hue till hubben 2.1;;;3703,00;
A238;2017-11-16;2018-02-26;4310;Kostnader äskningar;10;;Äskning för Phillips Hue till hubben 2.1;;3703,00;;
A239;2017-11-16;2018-02-26;1930;Bankkonto Swish;10;;Swishintäkter Mexicosittning;;1530,00;;
A239;2017-11-16;2018-02-26;2911;Skulder sexIT;10;;Swishintäkter Mexicosittning;;;1504,50;
A239;2017-11-16;2018-02-26;2919;Skulder Swish;10;;Swishintäkter Mexicosittning;;;25,50;
A240;2017-11-17;2018-02-26;1930;Bankkonto Swish;10;;Swishintäkter sexIT;;3540,00;;
A240;2017-11-17;2018-02-26;2911;Skulder sexIT;10;;Swishintäkter sexIT;Swishintäkter Aspu;;1177,50;
A240;2017-11-17;2018-02-26;2911;Skulder sexIT;10;;Swishintäkter sexIT;Swishintäkter Mexicosittning;;2301,00;
A240;2017-11-17;2018-02-26;2919;Skulder Swish;10;;Swishintäkter sexIT;;;61,50;
A241;2017-11-18;2018-02-26;2918;Skulder medlemmar;10;;MU - Fika Valberedningsintervjuer 2;;;78,45;
A241;2017-11-18;2018-02-26;4270;Kostnader Valberedningen Intervjuer;10;;MU - Fika Valberedningsintervjuer 2;;78,45;;
A242;2017-11-18;2018-02-26;2918;Skulder medlemmar;10;;MU - Matbidrag Valberedningsintervjer;;;250,00;
A242;2017-11-18;2018-02-26;4271;Kostnader Valberedningen Matbidrag;10;;MU - Matbidrag Valberedningsintervjer;;250,00;;
A243;2017-11-19;2018-02-26;2918;Skulder medlemmar;10;;MU - Mat valberedningsintervjuer 1;;;73,80;
A243;2017-11-19;2018-02-26;4271;Kostnader Valberedningen Matbidrag;10;;MU - Mat valberedningsintervjuer 1;;73,80;;
A244;2017-11-19;2018-02-26;2918;Skulder medlemmar;10;;MU - Matbidrag valberedningsintervjuer 4;;;164,00;
A244;2017-11-19;2018-02-26;4271;Kostnader Valberedningen Matbidrag;10;;MU - Matbidrag valberedningsintervjuer 4;;164,00;;
A245;2017-11-20;2018-02-26;2440;Leverantörsskulder;10;;FM - Shurgard för December;;;552,00;
A245;2017-11-20;2018-02-26;4410;Kostnader Förvaring;10;;FM - Shurgard för December;;552,00;;
A246;2017-11-20;2018-02-26;1930;Bankkonto Swish;10;;Swishintäkter aspu- och mexicobiljetter;;2400,00;;
A246;2017-11-20;2018-02-26;2911;Skulder sexIT;10;;Swishintäkter aspu- och mexicobiljetter;Swish Aspubiljetter;;942,00;
A246;2017-11-20;2018-02-26;2911;Skulder sexIT;10;;Swishintäkter aspu- och mexicobiljetter;;;1507,50;
A246;2017-11-20;2018-02-26;2911;Skulder sexIT;10;;Swishintäkter aspu- och mexicobiljetter;Swish retur mexicobiljett;90,00;;
A246;2017-11-20;2018-02-26;2919;Skulder Swish;10;;Swishintäkter aspu- och mexicobiljetter;;;40,50;
A247;2017-11-20;2018-02-26;1930;Bankkonto Swish;10;;Avgifter Swish;;;91,50;
A247;2017-11-20;2018-02-26;2919;Skulder Swish;10;;Avgifter Swish;;91,50;;
A248;2017-11-21;2018-02-26;2918;Skulder medlemmar;10;;MU - PQ till StyrIT-sekreterare;;;175,00;
A248;2017-11-21;2018-02-26;6110;Kontorsmaterial;10;;MU - PQ till StyrIT-sekreterare;;175,00;;
A249;2017-11-21;2018-02-26;1930;Bankkonto Swish;10;;Swish mexicointäkter;;;630,00;
A249;2017-11-21;2018-02-26;2911;Skulder sexIT;10;;Swish mexicointäkter;;;354,00;
A249;2017-11-21;2018-02-26;2911;Skulder sexIT;10;;Swish mexicointäkter;Returbiljetter för mexico;990,00;;
A249;2017-11-21;2018-02-26;2919;Skulder Swish;10;;Swish mexicointäkter;;;6,00;
A250;2017-11-23;2018-02-26;1920;Bankkonto StyrIT;10;;MB - PQ sekreterare;;;175,00;
A250;2017-11-23;2018-02-26;2918;Skulder medlemmar;10;;MB - PQ sekreterare;;175,00;;
A251;2017-11-23;2018-02-26;1920;Bankkonto StyrIT;10;;MB - Fika ordförandemöte 1 LP2;;;136,73;
A251;2017-11-23;2018-02-26;2918;Skulder medlemmar;10;;MB - Fika ordförandemöte 1 LP2;;136,73;;
A252;2017-11-23;2018-02-26;1920;Bankkonto StyrIT;10;;MB - Överlämning valberedning;;;1363,00;
A252;2017-11-23;2018-02-26;2918;Skulder medlemmar;10;;MB - Överlämning valberedning;;1363,00;;
A253;2017-11-23;2018-02-26;1920;Bankkonto StyrIT;10;;FB - Sektionsmötesmat LP1;;;2346,00;
A253;2017-11-23;2018-02-26;2440;Leverantörsskulder;10;;FB - Sektionsmötesmat LP1;;2346,00;;
A254;2017-11-25;2018-02-26;2918;Skulder medlemmar;10;;MU - Matbidrag valberedningsintervjuer 2;;;450,00;
A254;2017-11-25;2018-02-26;4271;Kostnader Valberedningen Matbidrag;10;;MU - Matbidrag valberedningsintervjuer 2;;450,00;;
A255;2017-11-25;2018-02-26;2918;Skulder medlemmar;10;;MU - Fika valberedningsintervjuer 1;;;62,70;
A255;2017-11-25;2018-02-26;4270;Kostnader Valberedningen Intervjuer;10;;MU - Fika valberedningsintervjuer 1;;62,70;;
A256;2017-11-26;2018-02-26;2918;Skulder medlemmar;10;;MU - Matbidrag valberedningsintervjuer 3;;;419,00;
A256;2017-11-26;2018-02-26;4271;Kostnader Valberedningen Matbidrag;10;;MU - Matbidrag valberedningsintervjuer 3;;419,00;;
A257;2017-11-28;2018-02-26;1920;Bankkonto StyrIT;10;;FB - DigIT Fortnox;;;885,00;
A257;2017-11-28;2018-02-26;2440;Leverantörsskulder;10;;FB - DigIT Fortnox;;885,00;;
A258;2017-11-28;2018-02-26;1920;Bankkonto StyrIT;10;;FB - sexIT Fortnox;;;885,00;
A258;2017-11-28;2018-02-26;2440;Leverantörsskulder;10;;FB - sexIT Fortnox;;885,00;;
A259;2017-11-28;2018-02-26;1920;Bankkonto StyrIT;10;;FB - frITid Fortnox;;;885,00;
A259;2017-11-28;2018-02-26;2440;Leverantörsskulder;10;;FB - frITid Fortnox;;885,00;;
A260;2017-11-28;2018-02-26;1920;Bankkonto StyrIT;10;;FB - P.R.I.T. Fortnox;;;885,00;
A260;2017-11-28;2018-02-26;2440;Leverantörsskulder;10;;FB - P.R.I.T. Fortnox;;885,00;;
A261;2017-11-28;2018-02-26;1920;Bankkonto StyrIT;10;;FB - ArmIT Fortnox;;;885,00;
A261;2017-11-28;2018-02-26;2440;Leverantörsskulder;10;;FB - ArmIT Fortnox;;885,00;;
A262;2017-11-28;2018-02-26;1920;Bankkonto StyrIT;10;;FB - NollKIT Fortnox;;;885,00;
A262;2017-11-28;2018-02-26;2440;Leverantörsskulder;10;;FB - NollKIT Fortnox;;885,00;;
A263;2017-11-30;2018-03-04;1920;Bankkonto StyrIT;10;;PL inbetalning av snIT-pengar;;40000,00;;
A263;2017-11-30;2018-03-04;2922;Skulder snIT;10;;PL inbetalning av snIT-pengar;;;40000,00;
A264;2017-11-30;2018-03-04;1610;Fordringar PRIT;10;;FM - Sunfleet för November;;1322,23;;
A264;2017-11-30;2018-03-04;1611;Fordringar sexIT;10;;FM - Sunfleet för November;;316,26;;
A264;2017-11-30;2018-03-04;2440;Leverantörsskulder;10;;FM - Sunfleet för November;;;4138,49;
A264;2017-11-30;2018-03-04;5610;Kostnader bil;10;;FM - Sunfleet för November;;2500,00;;
A265;2017-12-04;2018-03-04;1920;Bankkonto StyrIT;10;;Stödmedlemsskap Rasmus Nordström;;40,00;;
A265;2017-12-04;2018-03-04;3270;Sektionsavgifter;10;;Stödmedlemsskap Rasmus Nordström;;;40,00;
A266;2017-12-06;2018-03-04;1612;Fordringar NollKIT;10;;Unionen inbetalning till NollKIT;;;4000,00;
A266;2017-12-06;2018-03-04;1920;Bankkonto StyrIT;10;;Unionen inbetalning till NollKIT;;4000,00;;
A267;2017-12-07;2018-03-04;1610;Fordringar PRIT;10;;PRIT stödinbetalning för Sunfleet i augusti;;;186,68;
A267;2017-12-07;2018-03-04;1920;Bankkonto StyrIT;10;;PRIT stödinbetalning för Sunfleet i augusti;;186,68;;
A268;2017-12-07;2018-03-04;1920;Bankkonto StyrIT;10;;FB - Shurgard för December;;;552,00;
A268;2017-12-07;2018-03-04;2440;Leverantörsskulder;10;;FB - Shurgard för December;;552,00;;
A269;2017-12-07;2018-03-04;2918;Skulder medlemmar;10;;MU - Fika sektionsmöte LP2;;;349,50;
A269;2017-12-07;2018-03-04;4331;Kostnader Sektionsmötesmat;10;;MU - Fika sektionsmöte LP2;;349,50;;
A270;2017-12-08;2018-03-04;1920;Bankkonto StyrIT;10;;Överföring PL-bidrag till snIT;;;40000,00;
A270;2017-12-08;2018-03-04;2922;Skulder snIT;10;;Överföring PL-bidrag till snIT;;40000,00;;
A271;2017-12-08;2018-03-04;1510;Kundfordringar;10;;FS - Kåräskning för motivationsföreläsning från Data i våras;;20000,00;;
A271;2017-12-08;2018-03-04;3999;Övriga intäkter;10;;FS - Kåräskning för motivationsföreläsning från Data i våras;;;20000,00;
A272;2017-12-09;2018-03-04;2918;Skulder medlemmar;10;;MU - Äskning Lussekatter;;;30,00;
A272;2017-12-09;2018-03-04;4310;Kostnader äskningar;10;;MU - Äskning Lussekatter;;30,00;;
A273;2017-12-09;2018-03-04;2918;Skulder medlemmar;10;;MU - Äskning för lussekatter fikIT;;;101,30;
A273;2017-12-09;2018-03-04;4310;Kostnader äskningar;10;;MU - Äskning för lussekatter fikIT;;101,30;;
A274;2017-12-10;2018-03-04;2918;Skulder medlemmar;10;;MU - Äskning julmys pepparkakshus;;;627,75;
A274;2017-12-10;2018-03-04;4310;Kostnader äskningar;10;;MU - Äskning julmys pepparkakshus;;627,75;;
A275;2017-12-12;2018-03-04;1920;Bankkonto StyrIT;10;;MB - Sektionsmötesfika LP2;;;349,50;
A275;2017-12-12;2018-03-04;2918;Skulder medlemmar;10;;MB - Sektionsmötesfika LP2;;349,50;;
A276;2017-12-12;2018-03-04;1920;Bankkonto StyrIT;10;;Skuld till PRIT från Fysik ;;;150,00;
A276;2017-12-12;2018-03-04;2910;Skulder PRIT;10;;Skuld till PRIT från Fysik ;;150,00;;
A277;2017-12-12;2018-03-04;2440;Leverantörsskulder;10;;FM - Vegansk mat sektionsmöte LP2;;;367,00;
A277;2017-12-12;2018-03-04;4331;Kostnader Sektionsmötesmat;10;;FM - Vegansk mat sektionsmöte LP2;;367,00;;
A278;2017-12-12;2018-03-04;1920;Bankkonto StyrIT;10;;FB - Vegansk mat sektionsmöte LP 2;;;367,00;
A278;2017-12-12;2018-03-04;2440;Leverantörsskulder;10;;FB - Vegansk mat sektionsmöte LP 2;;367,00;;
A279;2017-12-12;2018-03-04;1920;Bankkonto StyrIT;10;;FB - Sunfleet för November;;;4138,49;
A279;2017-12-12;2018-03-04;2440;Leverantörsskulder;10;;FB - Sunfleet för November;;4138,49;;
A280;2017-12-12;2018-03-04;1510;Kundfordringar;10;;FI - Kåräskning för motivationsföreläsning från Data;;;20000,00;
A280;2017-12-12;2018-03-04;1920;Bankkonto StyrIT;10;;FI - Kåräskning för motivationsföreläsning från Data;;20000,00;;
A281;2017-12-12;2018-03-04;2918;Skulder medlemmar;10;;MU - Kablar för sektionsmöe;;;650,00;
A281;2017-12-12;2018-03-04;4330;Kostnader Sektionsmöten;10;;MU - Kablar för sektionsmöe;;650,00;;
A282;2017-12-12;2018-03-05;1930;Bankkonto Swish;10;;Swish utbetalning för intäkter pubrunda LP2;;;5610,00;
A282;2017-12-12;2018-03-05;2910;Skulder PRIT;10;;Swish utbetalning för intäkter pubrunda LP2;;5610,00;;
A283;2017-12-15;2018-03-05;2440;Leverantörsskulder;10;;FM - Hoodies StyrIT;;;3682,00;
A283;2017-12-15;2018-03-05;5920;Profilkläder och material;10;;FM - Hoodies StyrIT;;3682,00;;
A284;2017-12-18;2018-03-05;1920;Bankkonto StyrIT;10;;Utbetalning av delvis vinst från armIT 2017;;200000,00;;
A284;2017-12-18;2018-03-05;1925;Bankkonto armIT;30;;Utbetalning av delvis vinst från armIT 2017;;;200000,00;
A285;2017-12-18;2018-03-05;1920;Bankkonto StyrIT;10;;Betalning av serveringstillstånd, PRIT x2 pubrundor och NollKIT PTS;;;800,00;
A285;2017-12-18;2018-03-05;4213;Kostnader Serveringstillstånd;10;;Betalning av serveringstillstånd, PRIT x2 pubrundor och NollKIT PTS;;800,00;;
A286;2017-12-18;2018-03-05;2440;Leverantörsskulder;10;;FM - Shurgard för Januari;;;552,00;
A286;2017-12-18;2018-03-05;4410;Kostnader Förvaring;10;;FM - Shurgard för Januari;;552,00;;
A287;2017-12-18;2018-03-05;1920;Bankkonto StyrIT;10;;FB - Shurgard för Januari;;;552,00;
A287;2017-12-18;2018-03-05;2440;Leverantörsskulder;10;;FB - Shurgard för Januari;;552,00;;
A288;2017-12-18;2018-03-05;1920;Bankkonto StyrIT;10;;FB - Grant Thornton oktober;;;80635,00;
A288;2017-12-18;2018-03-05;2440;Leverantörsskulder;10;;FB - Grant Thornton oktober;;80635,00;;
A289;2017-12-19;2018-03-05;1610;Fordringar PRIT;10;;Sunfleet PRIT inbetalning för november;;;1322,23;
A289;2017-12-19;2018-03-05;1920;Bankkonto StyrIT;10;;Sunfleet PRIT inbetalning för november;;1322,23;;
A290;2017-12-19;2018-03-05;1920;Bankkonto StyrIT;10;;iZettle inbetalning för julpuben 2017-12-11;;7933,76;;
A290;2017-12-19;2018-03-05;2910;Skulder PRIT;10;;iZettle inbetalning för julpuben 2017-12-11;;;7933,76;
A291;2017-12-19;2018-03-05;2440;Leverantörsskulder;10;;FM - Sektionsmötesmat LP2;;;3772,00;
A291;2017-12-19;2018-03-05;4331;Kostnader Sektionsmötesmat;10;;FM - Sektionsmötesmat LP2;;3772,00;;
A292;2017-12-19;2018-03-05;1930;Bankkonto Swish;10;;Swish månadsavgifter för november;;;564,00;
A292;2017-12-19;2018-03-05;2919;Skulder Swish;10;;Swish månadsavgifter för november;;564,00;;
A293;2017-12-25;2018-03-05;2440;Leverantörsskulder;10;;FM - Grant Thornton november;;;13156,00;
A293;2017-12-25;2018-03-05;6573;Kostnader Extern Ekonomisk Rådgivning;10;;FM - Grant Thornton november;;13156,00;;
A294;2017-12-27;2018-03-05;1920;Bankkonto StyrIT;10;;Sunfleet sexIT inbetalning för november;;316,26;;
A294;2017-12-27;2018-03-05;1611;Fordringar sexIT;10;;Sunfleet sexIT inbetalning för november;;;316,26;
A295;2017-12-28;2018-03-05;1920;Bankkonto StyrIT;10;;Bidrag från kåren till MRCIT inbetalt;;8000,00;;
A295;2017-12-28;2018-03-05;1616;Fordringar MRCIT;10;;Bidrag från kåren till MRCIT inbetalt;;;8000,00;
A296;2017-12-29;2018-03-05;1920;Bankkonto StyrIT;10;;Bidrag från motivationsföreläsning inbetald av elektro;;7215,00;;
A296;2017-12-29;2018-03-05;3999;Övriga intäkter;10;;Bidrag från motivationsföreläsning inbetald av elektro;;;7215,00;
A297;2017-12-31;2018-03-05;1610;Fordringar PRIT;10;;FM - Sunfleet december;;849,32;;
A297;2017-12-31;2018-03-05;2440;Leverantörsskulder;10;;FM - Sunfleet december;;;2099,32;
A297;2017-12-31;2018-03-05;5610;Kostnader bil;10;;FM - Sunfleet december;;1250,00;;
A298;2018-01-03;2018-03-05;1920;Bankkonto StyrIT;10;;Bidrag till FrITid utbetalt;;;12000,00;
A298;2018-01-03;2018-03-05;1924;Bankkonto FrITid;60;;Bidrag till FrITid utbetalt;;12000,00;;
A299;2018-01-03;2018-03-05;1610;Fordringar PRIT;10;;Inbetalning Sunfleet PRIT för December;;;849,32;
A299;2018-01-03;2018-03-05;1920;Bankkonto StyrIT;10;;Inbetalning Sunfleet PRIT för December;;849,32;;
A300;2018-01-03;2018-03-05;1920;Bankkonto StyrIT;10;;17121521 Utbetalning iZettle till PRIT för julpub;;;7933,76;
A300;2018-01-03;2018-03-05;2910;Skulder PRIT;10;;17121521 Utbetalning iZettle till PRIT för julpub;;7933,76;;
A301;2018-01-03;2018-03-05;1920;Bankkonto StyrIT;10;;FB - Grant Thornton november;;;13156,00;
A301;2018-01-03;2018-03-05;2440;Leverantörsskulder;10;;FB - Grant Thornton november;;13156,00;;
A302;2018-01-03;2018-03-05;1920;Bankkonto StyrIT;10;;FB - Hoodies StyrIT;;;3682,00;
A302;2018-01-03;2018-03-05;2440;Leverantörsskulder;10;;FB - Hoodies StyrIT;;3682,00;;
A303;2018-01-03;2018-03-05;1920;Bankkonto StyrIT;10;;FB - Sunfleet december;;;2099,32;
A303;2018-01-03;2018-03-05;2440;Leverantörsskulder;10;;FB - Sunfleet december;;2099,32;;
A304;2018-01-03;2018-03-05;1920;Bankkonto StyrIT;10;;BG - Bidrag till MRCIT från GU;;1600,00;;
A304;2018-01-03;2018-03-05;1616;Fordringar MRCIT;10;;BG - Bidrag till MRCIT från GU;;;1600,00;
A305;2018-01-03;2018-03-05;1920;Bankkonto StyrIT;10;;iZettle inbetalning för finsittning NollKIT 2017-12-29;;11849,55;;
A305;2018-01-03;2018-03-05;2912;Skulder NollKIT;10;;iZettle inbetalning för finsittning NollKIT 2017-12-29;;;11849,55;
A306;2018-01-09;2018-03-05;1920;Bankkonto StyrIT;10;;FB - Sektionsmötesmat LP2;;;3772,00;
A306;2018-01-09;2018-03-05;2440;Leverantörsskulder;10;;FB - Sektionsmötesmat LP2;;3772,00;;
A307;2018-01-15;2018-03-05;1920;Bankkonto StyrIT;10;;MB - Äskning Julmys Pepparkakshus;;;627,75;
A307;2018-01-15;2018-03-05;2918;Skulder medlemmar;10;;MB - Äskning Julmys Pepparkakshus;;627,75;;
A308;2018-01-15;2018-03-05;1920;Bankkonto StyrIT;10;;Aspningsbidrag till NollKIT;;;3000,00;
A308;2018-01-15;2018-03-05;1923;Bankkonto NollkIT;50;;Aspningsbidrag till NollKIT;;3000,00;;
A309;2018-01-15;2018-03-05;1920;Bankkonto StyrIT;10;;17122931 Utbetalning iZettle till NollKIT för finsittning och sekreten;;;11849,55;
A309;2018-01-15;2018-03-05;2912;Skulder NollKIT;10;;17122931 Utbetalning iZettle till NollKIT för finsittning och sekreten;;11849,55;;
A310;2018-01-15;2018-03-05;1920;Bankkonto StyrIT;10;;Rustbidrag för kaffekokare;;;3112,50;
A310;2018-01-15;2018-03-05;1921;Bankkonto PRIT;40;;Rustbidrag för kaffekokare;;3112,50;;
A311;2018-01-15;2018-03-05;1920;Bankkonto StyrIT;10;;Aspningsbidrag till PRIT;;;3000,00;
A311;2018-01-15;2018-03-05;1921;Bankkonto PRIT;10;;Aspningsbidrag till PRIT;;3000,00;;
A312;2018-01-15;2018-03-05;1920;Bankkonto StyrIT;10;;Aspningsbidrag till sexIT;;;3000,00;
A312;2018-01-15;2018-03-05;1922;Bankkonto SexIT;10;;Aspningsbidrag till sexIT;;3000,00;;
A313;2018-01-15;2018-03-05;1920;Bankkonto StyrIT;10;;MB - Äskning Lussekatter 1 & 2;;;131,30;
A313;2018-01-15;2018-03-05;2918;Skulder medlemmar;10;;MB - Äskning Lussekatter 1 & 2;;131,30;;
A314;2018-01-15;2018-03-05;1920;Bankkonto StyrIT;10;;Betalning av medlemsutlägg;;;942,80;
A314;2018-01-15;2018-03-05;2918;Skulder medlemmar;10;;Betalning av medlemsutlägg;;942,80;;
A315;2018-01-16;2018-03-05;1920;Bankkonto StyrIT;10;;Inbetalning sunfleet NollKIT för September;;2440,02;;
A315;2018-01-16;2018-03-05;1612;Fordringar NollKIT;10;;Inbetalning sunfleet NollKIT för September;;;2440,02;
A316;2018-01-17;2018-03-05;1920;Bankkonto StyrIT;10;;MB - Kablar för sektionsmöte;;;650,00;
A316;2018-01-17;2018-03-05;2918;Skulder medlemmar;10;;MB - Kablar för sektionsmöte;;650,00;;
A317;2018-01-17;2018-03-05;2440;Leverantörsskulder;10;;FM - Shurgard för februari;;;552,00;
A317;2018-01-17;2018-03-05;4410;Kostnader Förvaring;10;;FM - Shurgard för februari;;552,00;;
A318;2018-01-18;2018-03-05;1920;Bankkonto StyrIT;10;;MB - Matbidrag valberedningsintervjuer 5 + Fika valberedningen 1;;;312,70;
A318;2018-01-18;2018-03-05;2918;Skulder medlemmar;10;;MB - Matbidrag valberedningsintervjuer 5 + Fika valberedningen 1;;312,70;;
A319;2018-01-18;2018-03-05;1920;Bankkonto StyrIT;10;;MB - Matbidrag valberedningsintervjuer 4;;;164,00;
A319;2018-01-18;2018-03-05;2918;Skulder medlemmar;10;;MB - Matbidrag valberedningsintervjuer 4;;164,00;;
A320;2018-01-18;2018-03-05;1920;Bankkonto StyrIT;10;;MB - Fika valberedningsintervjuer 2;;;78,45;
A320;2018-01-18;2018-03-05;2918;Skulder medlemmar;10;;MB - Fika valberedningsintervjuer 2;;78,45;;
A321;2018-01-18;2018-03-05;1920;Bankkonto StyrIT;10;;MB - Kemtvätt FanbärerIT;;;975,00;
A321;2018-01-18;2018-03-05;2918;Skulder medlemmar;10;;MB - Kemtvätt FanbärerIT;;975,00;;
A322;2018-01-18;2018-03-05;1930;Bankkonto Swish;10;;Swish försäljning pubrunda LP3 Våfflor;;2260,00;;
A322;2018-01-18;2018-03-05;2910;Skulder PRIT;10;;Swish försäljning pubrunda LP3 Våfflor;;;2117,50;
A322;2018-01-18;2018-03-05;2919;Skulder Swish;10;;Swish försäljning pubrunda LP3 Våfflor;;;142,50;
A323;2018-01-19;2018-03-05;2440;Leverantörsskulder;10;;FM - Grant Thornton December;;;22688,00;
A323;2018-01-19;2018-03-05;6573;Kostnader Extern Ekonomisk Rådgivning;10;;FM - Grant Thornton December;;22688,00;;
A324;2018-01-19;2018-03-05;1920;Bankkonto StyrIT;10;;Modulsponsring till NollKIT ;;;2500,00;
A324;2018-01-19;2018-03-05;2912;Skulder NollKIT;10;;Modulsponsring till NollKIT ;;2500,00;;
A325;2018-01-18;2018-03-05;1930;Bankkonto Swish;10;;Swish Utbetalning Mexico och Aspun;;;7195,50;
A325;2018-01-18;2018-03-05;2911;Skulder sexIT;10;;Swish Utbetalning Mexico och Aspun;;7195,50;;
A326;2018-01-19;2018-03-05;1930;Bankkonto Swish;10;;Swish försäljning pubrunda LP3 våfflor;;2059,00;;
A326;2018-01-19;2018-03-05;2910;Skulder PRIT;10;;Swish försäljning pubrunda LP3 våfflor;;;1895,50;
A326;2018-01-19;2018-03-05;2919;Skulder Swish;10;;Swish försäljning pubrunda LP3 våfflor;;;163,50;
A327;2018-01-22;2018-03-05;1920;Bankkonto StyrIT;10;;Årsavgift företagstjänst Swedbank;;;1180,00;
A327;2018-01-22;2018-03-05;6570;Bankkostnader;10;;Årsavgift företagstjänst Swedbank;;1180,00;;
A328;2018-01-23;2018-03-05;1612;Fordringar NollKIT;10;;Förnyelse nollk.it;;1749,79;;
A328;2018-01-23;2018-03-05;1920;Bankkonto StyrIT;10;;Förnyelse nollk.it;;;1749,79;
A329;2018-01-23;2018-03-05;1920;Bankkonto StyrIT;10;;iZettle för pubrundan 2018-01-18;;22077,94;;
A329;2018-01-23;2018-03-05;2910;Skulder PRIT;10;;iZettle för pubrundan 2018-01-18;;;22077,94;
A330;2018-01-25;2018-03-05;1920;Bankkonto StyrIT;10;;Bidrag FanbärerIT17/18 + Kemtvättsbidrag;;;8700,00;
A330;2018-01-25;2018-03-05;1929;Bankkonto FanbärerIT;10;;Bidrag FanbärerIT17/18 + Kemtvättsbidrag;;8700,00;;
A331;2018-01-25;2018-03-05;1920;Bankkonto StyrIT;10;;18011821 iZettle för pubrundan;;;22077,94;
A331;2018-01-25;2018-03-05;2910;Skulder PRIT;10;;18011821 iZettle för pubrundan;;22077,94;;
A332;2018-01-25;2018-03-05;1920;Bankkonto StyrIT;10;;FB - Shurgard för februari;;;552,00;
A332;2018-01-25;2018-03-05;2440;Leverantörsskulder;10;;FB - Shurgard för februari;;552,00;;
A333;2018-01-25;2018-03-05;1920;Bankkonto StyrIT;10;;FB - Grant Thornton december;;;22688,00;
A333;2018-01-25;2018-03-05;2440;Leverantörsskulder;10;;FB - Grant Thornton december;;22688,00;;
A334;2018-01-25;2018-03-05;2918;Skulder medlemmar;10;;MU - Kassörskväll LP3;;;173,45;
A334;2018-01-25;2018-03-05;4522;Kostnader Kassörskväll och Ordförandemöten;10;;MU - Kassörskväll LP3;;173,45;;
A335;2018-01-29;2018-03-05;1930;Bankkonto Swish;10;;Swish försäljning Hell's Kitchen;;6020,00;;
A335;2018-01-29;2018-03-05;2911;Skulder sexIT;10;;Swish försäljning Hell's Kitchen;;;5921,00;
A335;2018-01-29;2018-03-05;2919;Skulder Swish;10;;Swish försäljning Hell's Kitchen;;;99,00;
A336;2018-01-29;2018-03-05;1612;Fordringar NollKIT;10;;Inbetalning internfordran nollk.it;;;1749,79;
A336;2018-01-29;2018-03-05;1920;Bankkonto StyrIT;10;;Inbetalning internfordran nollk.it;;1749,79;;
A337;2018-01-29;2018-03-05;2918;Skulder medlemmar;10;;MU - Aspningsarrangörsutbildningsfika  LP3;;;52,00;
A337;2018-01-29;2018-03-05;4520;Kostnader Föreningsutbildningar;10;;MU - Aspningsarrangörsutbildningsfika  LP3;;52,00;;
A338;2018-01-30;2018-03-05;2918;Skulder medlemmar;10;;MU - Kväll med StyrIT 1;;;136,50;
A338;2018-01-30;2018-03-05;4520;Kostnader Föreningsutbildningar;10;;MU - Kväll med StyrIT 1;;136,50;;
A339;2018-01-30;2018-03-05;2918;Skulder medlemmar;10;;MU - Kväll med StyrIT 2;;;413,55;
A339;2018-01-30;2018-03-05;4520;Kostnader Föreningsutbildningar;10;;MU - Kväll med StyrIT 2;;413,55;;
A340;2018-01-30;2018-03-05;1930;Bankkonto Swish;10;;Swish försäljning Hell's Kitchen;;540,00;;
A340;2018-01-30;2018-03-05;2911;Skulder sexIT;10;;Swish försäljning Hell's Kitchen;;;531,00;
A340;2018-01-30;2018-03-05;2919;Skulder Swish;10;;Swish försäljning Hell's Kitchen;;;9,00;
A341;2018-01-31;2018-03-05;1610;Fordringar PRIT;10;;FM - Sunfleet januari;;762,82;;
A341;2018-01-31;2018-03-05;1611;Fordringar sexIT;10;;FM - Sunfleet januari;;288,50;;
A341;2018-01-31;2018-03-05;2440;Leverantörsskulder;10;;FM - Sunfleet januari;;;2301,32;
A341;2018-01-31;2018-03-05;5610;Kostnader bil;10;;FM - Sunfleet januari;;1250,00;;
A342;2018-01-31;2018-03-05;1930;Bankkonto Swish;10;;Swish försäljning Hell's Kitchen;;630,00;;
A342;2018-01-31;2018-03-05;2911;Skulder sexIT;10;;Swish försäljning Hell's Kitchen;;;619,50;
A342;2018-01-31;2018-03-05;2919;Skulder Swish;10;;Swish försäljning Hell's Kitchen;;;10,50;
A343;2018-02-01;2018-03-05;1930;Bankkonto Swish;10;;Swish försäljning Hell's Kitchen;;90,00;;
A343;2018-02-01;2018-03-05;2911;Skulder sexIT;10;;Swish försäljning Hell's Kitchen;;;88,50;
A343;2018-02-01;2018-03-05;2919;Skulder Swish;10;;Swish försäljning Hell's Kitchen;;;1,50;
A344;2018-02-01;2018-03-05;1920;Bankkonto StyrIT;10;;Bläck till StyrITs skrivare;;;439,00;
A344;2018-02-01;2018-03-05;6110;Kontorsmaterial;10;;Bläck till StyrITs skrivare;;439,00;;
A345;2018-02-02;2018-03-05;1920;Bankkonto StyrIT;10;;Sektionsavgifter för hösten 2017;;28350,00;;
A345;2018-02-02;2018-03-05;3270;Sektionsavgifter;10;;Sektionsavgifter för hösten 2017;;;28350,00;
A346;2018-02-05;2018-03-05;1930;Bankkonto Swish;10;;Swish försäljning pedagogiska priset;;1290,00;;
A346;2018-02-05;2018-03-05;2911;Skulder sexIT;10;;Swish försäljning pedagogiska priset;;;1275,00;
A346;2018-02-05;2018-03-05;2919;Skulder Swish;10;;Swish försäljning pedagogiska priset;;;15,00;
A347;2018-02-06;2018-03-05;1930;Bankkonto Swish;10;;Swish försäljning pedagogiska priset;;380,00;;
A347;2018-02-06;2018-03-05;2911;Skulder sexIT;10;;Swish försäljning pedagogiska priset;;;375,50;
A347;2018-02-06;2018-03-05;2919;Skulder Swish;10;;Swish försäljning pedagogiska priset;;;4,50;
A348;2018-02-07;2018-03-05;1930;Bankkonto Swish;10;;Swish försäljning pedagogiska priset;;1150,00;;
A348;2018-02-07;2018-03-05;2911;Skulder sexIT;10;;Swish försäljning pedagogiska priset;;;1136,50;
A348;2018-02-07;2018-03-05;2919;Skulder Swish;10;;Swish försäljning pedagogiska priset;;;13,50;
A349;2018-02-09;2018-03-05;1930;Bankkonto Swish;10;;Swish FanbärerIT Ost- och vinkväll;;770,00;;
A349;2018-02-09;2018-03-05;2919;Skulder Swish;10;;Swish FanbärerIT Ost- och vinkväll;;;16,50;
A349;2018-02-09;2018-03-05;2921;Skulder FanbärerIT;10;;Swish FanbärerIT Ost- och vinkväll;;;753,50;
A350;2018-02-09;2018-03-05;1930;Bankkonto Swish;10;;Swish utbetalning pubrunda LP3 Våfflor;;;4013,00;
A350;2018-02-09;2018-03-05;2910;Skulder PRIT;10;;Swish utbetalning pubrunda LP3 Våfflor;;4013,00;;
A351;2018-02-09;2018-03-05;1612;Fordringar NollKIT;10;;NollKIT18 utbetalning av lån;;20000,00;;
A351;2018-02-09;2018-03-05;1920;Bankkonto StyrIT;10;;NollKIT18 utbetalning av lån;;;20000,00;
A352;2018-02-09;2018-03-05;1920;Bankkonto StyrIT;10;;MB - Kassörskväll LP3;;;173,45;
A352;2018-02-09;2018-03-05;2918;Skulder medlemmar;10;;MB - Kassörskväll LP3;;173,45;;
A353;2018-02-09;2018-03-05;1920;Bankkonto StyrIT;10;;MB - Aspningsarrangörsutbildningsfika LP3;;;52,00;
A353;2018-02-09;2018-03-05;2918;Skulder medlemmar;10;;MB - Aspningsarrangörsutbildningsfika LP3;;52,00;;
A354;2018-02-09;2018-03-05;1920;Bankkonto StyrIT;10;;MB - Kväll med StyrIT 1 och 2;;;550,05;
A354;2018-02-09;2018-03-05;2918;Skulder medlemmar;10;;MB - Kväll med StyrIT 1 och 2;;550,05;;
A355;2018-02-09;2018-03-05;1920;Bankkonto StyrIT;10;;FB - Sunfleet januari;;;2301,32;
A355;2018-02-09;2018-03-05;2440;Leverantörsskulder;10;;FB - Sunfleet januari;;2301,32;;
A356;2018-02-10;2018-03-05;2918;Skulder medlemmar;10;;MU - Valberedningmat 2-10;;;246,00;
A356;2018-02-10;2018-03-05;4271;Kostnader Valberedningen Matbidrag;10;;MU - Valberedningmat 2-10;;246,00;;
A357;2018-02-10;2018-03-05;2918;Skulder medlemmar;10;;MU - Intervjufika 2-10;;;85,20;
A357;2018-02-10;2018-03-05;4270;Kostnader Valberedningen Intervjuer;10;;MU - Intervjufika 2-10;;85,20;;
A358;2018-02-11;2018-03-05;2918;Skulder medlemmar;10;;MU - Valberedningmat 2-11 1;;;82,00;
A358;2018-02-11;2018-03-05;4271;Kostnader Valberedningen Matbidrag;10;;MU - Valberedningmat 2-11 1;;82,00;;
A359;2018-02-12;2018-03-05;2918;Skulder medlemmar;10;;MU - Äskning alla hjärtans dag-fika;;;189,10;
A359;2018-02-12;2018-03-05;4310;Kostnader äskningar;10;;MU - Äskning alla hjärtans dag-fika;;189,10;;
A360;2018-02-12;2018-03-05;1930;Bankkonto Swish;10;;Swish FanbärerIT Ost- och vinkväll;;490,00;;
A360;2018-02-12;2018-03-05;2919;Skulder Swish;10;;Swish FanbärerIT Ost- och vinkväll;;;10,50;
A360;2018-02-12;2018-03-05;2921;Skulder FanbärerIT;10;;Swish FanbärerIT Ost- och vinkväll;;;479,50;
A361;2018-02-13;2018-03-05;1930;Bankkonto Swish;10;;Swish FanbärerIT Ost- och vinkväll;;210,00;;
A361;2018-02-13;2018-03-05;2919;Skulder Swish;10;;Swish FanbärerIT Ost- och vinkväll;;;4,50;
A361;2018-02-13;2018-03-05;2921;Skulder FanbärerIT;10;;Swish FanbärerIT Ost- och vinkväll;;;205,50;
A362;2018-02-14;2018-03-05;1930;Bankkonto Swish;10;;Swish FanbärerIT Ost- och vinkväll;;140,00;;
A362;2018-02-14;2018-03-05;2919;Skulder Swish;10;;Swish FanbärerIT Ost- och vinkväll;;;3,00;
A362;2018-02-14;2018-03-05;2921;Skulder FanbärerIT;10;;Swish FanbärerIT Ost- och vinkväll;;;137,00;
A363;2018-02-16;2018-03-05;1930;Bankkonto Swish;10;;Swish FanbärerIT Ost- och vinkväll;;70,00;;
A363;2018-02-16;2018-03-05;2919;Skulder Swish;10;;Swish FanbärerIT Ost- och vinkväll;;;1,50;
A363;2018-02-16;2018-03-05;2921;Skulder FanbärerIT;10;;Swish FanbärerIT Ost- och vinkväll;;;68,50;
A364;2018-02-16;2018-03-05;2918;Skulder medlemmar;10;;MU - Teambuilding StyrIT JA;;;388,45;
A364;2018-02-16;2018-03-05;4510;Kostnader Intern Representation;10;;MU - Teambuilding StyrIT JA;;388,45;;
A365;2018-02-19;2018-03-05;1930;Bankkonto Swish;10;;Swish FanbärerIT Ost- och vinkväll;;560,00;;
A365;2018-02-19;2018-03-05;2919;Skulder Swish;10;;Swish FanbärerIT Ost- och vinkväll;;;12,00;
A365;2018-02-19;2018-03-05;2921;Skulder FanbärerIT;10;;Swish FanbärerIT Ost- och vinkväll;;;548,00;
A366;2018-02-19;2018-03-05;1920;Bankkonto StyrIT;10;;Stödmedlemskap Rasmus Nordström VT18;;40,00;;
A366;2018-02-19;2018-03-05;3270;Sektionsavgifter;10;;Stödmedlemskap Rasmus Nordström VT18;;;40,00;
A367;2018-02-19;2018-03-05;2440;Leverantörsskulder;10;;FM - Shurgard;;;577,00;
A367;2018-02-19;2018-03-05;4410;Kostnader Förvaring;10;;FM - Shurgard;;577,00;;
A368;2018-02-20;2018-03-05;1930;Bankkonto Swish;10;;Swish avgifter januari;;;426,00;
A368;2018-02-20;2018-03-05;2919;Skulder Swish;10;;Swish avgifter januari;;426,00;;
A369;2018-02-20;2018-03-05;1920;Bankkonto StyrIT;10;;iZettle inbetalning för fettisdagen;;1347,48;;
A369;2018-02-20;2018-03-05;2910;Skulder PRIT;10;;iZettle inbetalning för fettisdagen;;;1347,48;
A370;2018-02-21;2018-03-05;1920;Bankkonto StyrIT;10;;BG - Bidrag till MRCIt från Chalmers;;16000,00;;
A370;2018-02-21;2018-03-05;1616;Fordringar MRCIT;10;;BG - Bidrag till MRCIt från Chalmers;;;16000,00;
A371;2018-02-22;2018-03-05;2918;Skulder medlemmar;10;;MU - sektionsmötesfika LP3;;;123,20;
A371;2018-02-22;2018-03-05;4331;Kostnader Sektionsmötesmat;10;;MU - sektionsmötesfika LP3;;123,20;;
A372;2018-02-23;2018-03-05;2918;Skulder medlemmar;10;;MU - Bullkalas sexIT;;;76,20;
A372;2018-02-23;2018-03-05;4511;Kostnader Extern Representation;10;;MU - Bullkalas sexIT;;76,20;;
A373;2018-02-24;2018-03-05;2918;Skulder medlemmar;10;;MU - Äskning Skiddag 1;;;1199,00;
A373;2018-02-24;2018-03-05;4310;Kostnader äskningar;10;;MU - Äskning Skiddag 1;;1199,00;;
A374;2018-02-24;2018-03-05;2918;Skulder medlemmar;10;;MU - Äskning skiddag 2;;;1199,00;
A374;2018-02-24;2018-03-05;4310;Kostnader äskningar;10;;MU - Äskning skiddag 2;;1199,00;;
A375;2018-02-25;2018-03-05;2918;Skulder medlemmar;10;;MU - Äskning Skiddag tankning;;;361,70;
A375;2018-02-25;2018-03-05;4310;Kostnader äskningar;10;;MU - Äskning Skiddag tankning;;361,70;;
A376;2018-02-26;2018-03-05;1920;Bankkonto StyrIT;10;;FB - Shurgard för mars;;;577,00;
A376;2018-02-26;2018-03-05;2440;Leverantörsskulder;10;;FB - Shurgard för mars;;577,00;;
A377;2018-02-26;2018-03-05;2918;Skulder medlemmar;10;;MU - Bullkalas;;;241,83;
A377;2018-02-26;2018-03-05;4511;Kostnader Extern Representation;10;;MU - Bullkalas;;241,83;;
A378;2018-02-26;2018-03-05;2918;Skulder medlemmar;10;;MU - Bullkalas FanbärerIT;;;87,30;
A378;2018-02-26;2018-03-05;4511;Kostnader Extern Representation;10;;MU - Bullkalas FanbärerIT;;87,30;;
A379;2018-02-26;2018-03-05;2918;Skulder medlemmar;10;;MU - Bullkalas DrawIT;;;84,00;
A379;2018-02-26;2018-03-05;4511;Kostnader Extern Representation;10;;MU - Bullkalas DrawIT;;84,00;;
A380;2018-02-26;2018-03-05;2918;Skulder medlemmar;10;;MU - Bullkalas hookIT;;;111,80;
A380;2018-02-26;2018-03-05;4511;Kostnader Extern Representation;10;;MU - Bullkalas hookIT;;111,80;;
A381;2018-02-26;2018-03-05;2918;Skulder medlemmar;10;;MU - Bullkalas ArmIT;;;150,10;
A381;2018-02-26;2018-03-05;4511;Kostnader Extern Representation;10;;MU - Bullkalas ArmIT;;150,10;;
A382;2018-02-26;2018-03-05;2918;Skulder medlemmar;10;;MU - Bullkalas NollKIT;;;164,90;
A382;2018-02-26;2018-03-05;4511;Kostnader Extern Representation;10;;MU - Bullkalas NollKIT;;164,90;;
A383;2018-02-26;2018-03-05;2918;Skulder medlemmar;10;;MU - Bullkalas digIT;;;94,00;
A383;2018-02-26;2018-03-05;4511;Kostnader Extern Representation;10;;MU - Bullkalas digIT;;94,00;;
A384;2018-02-26;2018-03-05;2918;Skulder medlemmar;10;;MU - Bullkalas PRIT;;;79,10;
A384;2018-02-26;2018-03-05;4511;Kostnader Extern Representation;10;;MU - Bullkalas PRIT;;79,10;;
A385;2018-02-27;2018-03-05;2918;Skulder medlemmar;10;;MU - Bullkalas FanbärerIT;;;15,00;
A385;2018-02-27;2018-03-05;4511;Kostnader Extern Representation;10;;MU - Bullkalas FanbärerIT;;15,00;;
A386;2018-02-28;2018-03-05;1920;Bankkonto StyrIT;10;;Bullkalas StyrIT;;;88,49;
A386;2018-02-28;2018-03-05;4511;Kostnader Extern Representation;10;;Bullkalas StyrIT;;88,49;;